"name","plant_port","rep_bio","group","gen_id","gen_name","gen_group","lat","lon","alt","ara_hem","ara_tot","ara_xyl","cel_hem","fuc_hem","fuc_tot","gal_hem","gal_tot","glu_cel","glu_enz","glu_hem","glu_tot","H_G","hem_tot","lign_G","lign_H","lign_S","lign_tot","man_hem","man_tot","rha_hem","rha_tot","S_G","xyl_enz","xyl_hem","xyl_tot","GluE_perc","XylE_perc","LSR","DW","DW_port","GluE_t","XylE_t"
"M1.11","Leaf","1","M1","41","Gaheris","Sacc_rob",35.7333,127.583,350,1.722701628,2.582610985,0.096089728,2.366983383,1.554613007,0.095036436,0.805832679,0.786332634,39.82797903,20.37372052,1.424032974,41.252012,0.041264144,16.82647175,69.53677273,2.860854563,27.60237271,19.56001465,1.718120243,4.642453489,0.359123815,0.126442718,0.398579811,5.941844027,10.66608038,26.87707661,8.40456963207477,1.59699397143997,NA,1.272,NA,NA,NA
"M1.11","Leaf","2","M1","41","Gaheris","Sacc_rob",35.7333,127.583,350,1.546767046,2.934673346,0.111961518,2.607650984,1.687142058,0.069286577,0.925290868,0.804184529,38.94151919,18.40391977,1.307983961,40.24950315,0.035340883,14.93356259,71.56023497,2.527129912,25.91263511,21.27354068,0.912615096,3.556017158,0.303412322,0.086866964,0.363214901,5.743081932,9.558335196,26.21144647,7.40748626809269,1.5053448463995,0.13,1.172,0.13483185840708,0.099876513965186,0.0202968443183564
"M1.11","Leaf","3","M1","41","Gaheris","Sacc_rob",35.7333,127.583,350,1.715832647,2.743593303,0.105186611,2.297687278,1.382825189,0.440563135,0.934048316,0.867079789,37.50364003,13.99049642,1.351159603,38.85479963,0.048098795,16.32234307,67.87129678,3.179571886,28.94913134,19.8409727,1.475615007,2.70156985,NA,0.155263878,0.434181619,5.125912862,10.81402191,26.08310391,5.43597935269647,1.33699717815012,0.13,0.881,0.101353982300885,0.0550958155101174,0.0135509988330561
"M1.11","Stem","1","M1","41","Gaheris","Sacc_rob",35.7333,127.583,350,1.256233684,1.67251398,0.066242274,2.481325657,1.894242424,0.028484544,0.829948681,0.518537916,41.69376519,4.822295885,1.053287112,42.7470523,0.040751791,16.80302022,57.98325443,2.363170901,39.65357467,25.09716795,1.670486998,2.171277128,0.370777778,NA,0.68390068,3.273878154,10.78133066,25.2484384,2.06138934391081,0.826603108919382,NA,1.272,NA,NA,NA
"M1.11","Stem","2","M1","41","Gaheris","Sacc_rob",35.7333,127.583,350,1.282278048,1.623052661,0.067762784,2.402118466,1.826022397,0.0904125,0.722751889,0.39438298,39.45756631,6.047369352,1.144296692,40.601863,0.057020545,16.42615336,53.3501673,2.908541124,43.74129157,24.37776565,1.335965324,3.859663335,0.43857855,NA,0.845189184,3.537713853,10.82055716,23.95197728,2.45534461934058,0.847352418200716,0.13,1.172,1.03716814159292,0.254660521581164,0.0878846932859504
"M1.11","Stem","3","M1","41","Gaheris","Sacc_rob",35.7333,127.583,350,1.225551948,2.083665257,0.073246228,2.69148194,1.92140187,0.129397316,0.841529874,0.714369525,42.71063336,4.375028143,0.989876618,43.70050998,0.044462742,15.86881663,58.13165382,2.556079504,39.31226667,22.76894861,1.544550116,3.098934959,NA,NA,0.680721653,3.672505961,10.33578282,28.4474068,1.9119096102035,1.04473271044423,0.13,0.881,0.779646017699115,0.149061271379582,0.0814521697257844
"M3.05","Leaf","1","M3","38","Gareth","Sin_N_Japan",35.6165,135.974,20,2.430102761,4.874700953,0.185888036,2.020390816,1.847180461,0.064694342,0.968561436,1.301506151,36.39218864,17.73004068,1.590873209,37.98306185,NA,18.01245004,NA,NA,NA,24.83281475,1.129537644,2.933015798,0.503364365,0.163659296,NA,4.764844001,11.13370337,26.22385527,6.73441231908208,1.24952579451135,1.75,2.734,1.73981818181818,1.17166529965993,0.217394769594166
"M3.05","Leaf","2","M3","38","Gareth","Sin_N_Japan",35.6165,135.974,20,2.155902397,3.612783908,0.142973023,2.184994035,1.434975131,0.05622308,0.973634116,0.938852476,35.91926476,17.28825282,1.4126973,37.33196206,0.056683407,16.43906765,63.29387605,3.584621684,33.12150227,23.75925333,1.249648954,2.993271456,0.316980475,0.100925714,0.523549988,5.792990415,10.30792658,25.26899008,6.45404398336304,1.4638301734997,0.71,3.585,1.48850877192982,0.96069010836568,0.217892405386986
"M3.05","Leaf","3","M3","38","Gareth","Sin_N_Japan",35.6165,135.974,20,2.368606102,3.113842353,0.13145063,1.83949926,1.838123881,0.052735514,0.925908162,1.490213965,34.10528206,19.8376361,1.585267765,35.69054983,0.089719041,18.54052503,63.42220094,5.574040387,31.00375867,22.57925731,0.729370406,7.767854951,0.511381425,0.633885146,0.490068388,5.329447957,12.16713505,23.68830292,7.08016139852666,1.26245577628537,1,3.85,1.925,1.36293106921638,0.243022736934934
"M3.05","Stem","1","M3","38","Gareth","Sin_N_Japan",35.6165,135.974,20,1.475351397,2.091954324,0.078883142,2.283952853,2.200588235,0.099737123,0.864678249,0.58119721,41.40090786,4.071527738,1.164789721,42.56569758,0.055676061,18.12686624,52.47350903,2.921823408,44.60466756,28.14287229,1.688378408,2.752458135,0.478953846,0.0656625,0.85330697,4.011533749,11.4189161,26.51966277,1.73307418388091,1.06384522193853,1.75,2.734,0.994181818181818,0.17229908431747,0.105765557701089
"M3.05","Stem","2","M3","38","Gareth","Sin_N_Japan",35.6165,135.974,20,1.46052453,1.919482201,0.083360516,2.251583575,1.903202699,0.029624866,0.734510303,0.542032984,38.74932444,5.405899995,1.120876772,39.87020121,0.048323717,17.20980952,49.29815877,2.382707014,48.31913422,21.81069799,1.911748725,4.302880016,0.462476092,0.145705408,0.981995914,4.71773806,10.73734717,23.02627541,2.15534320532385,1.08631935874225,0.71,3.585,2.09649122807018,0.451865812344212,0.227745900648594
"M3.05","Stem","3","M3","38","Gareth","Sin_N_Japan",35.6165,135.974,20,1.371324533,2.669701784,0.102306793,2.273623933,1.993726202,0.14594594,0.682850407,0.762077969,39.15529843,7.029172,1.045481937,40.20078037,0.052231841,17.22153689,51.45683308,2.682897184,45.86026974,21.82240846,1.64313041,4.599078567,0.463634708,0.290057595,0.892972223,4.120620314,11.06687063,26.09505876,2.82578199738015,1.07527829213997,1,3.85,1.925,0.543963034495679,0.206991071236943
"M4.03","Leaf","1","M4","39","Bedivere","Sin_S_Japan",35.2884,132.686,62,1.85727652,2.847485297,0.1194099,1.971838456,1.660812021,1.47612447,0.712249461,1.038365013,34.9045639,14.63740624,1.341952702,36.2465166,0.042137076,17.7015332,67.99406237,2.862621985,29.14331565,28.17741665,1.678075472,4.096768297,0.263984284,0.326526902,0.429205684,4.654774205,11.52913544,23.84630836,5.30554988225211,1.109991810309,0.57,2.947,1.06992993630573,0.567656664758488,0.11876134669038
"M4.03","Leaf","2","M4","39","Bedivere","Sin_S_Japan",35.2884,132.686,62,1.926627272,2.569068062,0.127637094,1.783299796,1.601862036,0.097521824,0.84051426,0.644181387,27.91261496,20.50807141,1.246434603,29.15904956,0.050091374,15.65222798,71.89376421,3.602685837,24.50354995,21.67456615,1.153318894,2.016260857,0.462334764,0.203926531,0.340889375,4.795786306,9.667570757,20.127911,5.97995870650382,0.965291599464027,0.52,2.033,0.6955,0.41590612803734,0.0671360307427231
"M4.03","Leaf","3","M4","39","Bedivere","Sin_S_Japan",35.2884,132.686,62,1.458495794,2.003449201,0.108334711,2.450781898,1.41173177,1.633645351,0.696400443,0.957773518,28.29569937,20.99965862,1.235066371,29.53076574,0.046792234,11.54558037,65.76815661,3.076072218,31.15577118,20.05591726,0.689582637,3.644469633,0.480062525,0.434491923,0.47430973,6.677224,6.809307195,18.49314207,6.20135999205507,1.23482852058299,0.46,2.71,0.853835616438356,0.52949420315725,0.105434057106764
"M4.03","Stem","1","M4","39","Bedivere","Sin_S_Japan",35.2884,132.686,62,1.432010709,1.921515884,0.06792854,2.219297585,2.167020273,0.665534733,0.654754025,0.716382271,39.43339464,6.030682156,1.104450078,40.53784472,0.045718428,17.76841236,55.93132175,2.545304226,41.52337403,25.0628838,1.598754707,3.461653104,0.46997753,0.114043173,0.74263592,4.252991506,11.44589511,28.28731316,2.44470856749699,1.203057025818,0.57,2.947,1.87707006369427,0.45888892665055,0.225822232808002
"M4.03","Stem","2","M4","39","Bedivere","Sin_S_Japan",35.2884,132.686,62,1.339959256,1.858390244,0.07069709,2.065789635,2.039497544,0.030573981,0.789116616,0.709895532,36.37523205,3.412713572,0.946299651,37.3215317,0.036389947,17.60839121,55.57317282,2.021994683,42.4048325,20.9615534,1.480500146,3.923904827,0.497974249,0.27347653,0.763059106,4.387337758,11.46134339,26.2866584,1.27367697749554,1.15328448910814,0.52,2.033,1.3375,0.170354295740029,0.154251800418214
"M4.03","Stem","3","M4","39","Bedivere","Sin_S_Japan",35.2884,132.686,62,1.399986028,1.813443658,0.07520952,2.328629586,2.473367828,0.09767023,0.757363958,0.477772819,40.37497771,6.502365103,1.09566561,41.47064332,0.052209355,17.33851444,53.41751318,2.783414114,43.79907271,23.0078608,NA,3.264360538,0.411241132,0.030774038,0.82044218,4.614674876,12.29655549,24.1118899,2.69657263925372,1.11268532548663,0.46,2.71,1.85616438356164,0.500528209066958,0.206532687127998
"M5.02","Leaf","1","M5","18","Bors_TY","Sin_Taiwan",23.4875,120.89,2623,2.163524844,2.891281772,0.109625409,1.964723089,1.581698588,0.448902839,0.654044378,0.913251623,34.09633035,9.867421201,1.186078664,35.28240901,0.043336957,17.35426765,65.41841641,2.834905336,31.74667825,23.28676523,1.386208735,4.09190427,0.560848485,0.15686044,0.486985654,4.260573558,11.00794262,26.3741938,3.48146390639064,1.1236919271993,0.44,0,0,0,0
"M5.02","Leaf","2","M5","18","Bors_TY","Sin_Taiwan",23.4875,120.89,2623,2.118983925,2.617028798,0.097965152,2.350262176,1.322938546,0.047649375,0.737063825,0.854022137,36.7267023,15.83663048,1.350666955,38.07736925,0.067802651,15.62664058,63.27873676,4.288723793,32.43253944,22.24614825,0.541703977,2.986186916,0.411917893,0.223291054,0.512743713,4.888605103,10.49403241,26.71387477,6.03017226408301,1.30593584526604,1.07,0.319,0.164893719806763,0.0994337535700218,0.0215340619354907
"M5.02","Leaf","3","M5","18","Bors_TY","Sin_Taiwan",23.4875,120.89,2623,2.237160316,3.180119735,0.114994634,1.668938215,1.714253584,0.457269375,0.910498346,0.79506513,33.81770199,11.31344136,1.235824074,35.05352606,0.047153402,20.26300415,67.69209541,3.192102517,29.11580207,21.66693792,2.455127989,3.465037167,0.586145455,0.255641667,0.430156639,4.517631659,12.35981846,27.65450554,3.96576011543507,1.24932869740489,0.4,0.256,0.0731428571428571,0.0290067025586108,0.00913794704387577
"M5.02","Stem","1","M5","18","Bors_TY","Sin_Taiwan",23.4875,120.89,2623,1.586279386,2.212940023,0.097512958,1.961560231,2.281529412,0.717278202,0.805353404,0.574990851,36.99549354,8.778079908,1.088285368,38.08377891,0.04742912,18.86023837,51.83661579,2.459254937,45.70412928,21.26297284,1.769046633,3.660714622,0.550221925,0.139002467,0.881828772,5.144437413,11.86780761,22.69380463,3.34302454483246,1.16746857574909,0.44,0,0,0,0
"M5.02","Stem","2","M5","18","Bors_TY","Sin_Taiwan",23.4875,120.89,2623,1.538184628,2.889444964,0.117820286,2.215286187,1.427786032,0.141182518,0.787261293,0.735968366,37.7321095,7.118255135,0.926946402,38.6590559,0.071569038,17.03261173,45.55358646,3.234335016,51.21207852,23.93266398,1.582020694,2.59322272,0.204360454,0.052232039,1.129671321,5.860477726,11.49299863,24.52417197,2.75185023148148,1.43723363603989,1.07,0.319,0.154106280193237,0.0424077402822509,0.0221486729418707
"M5.02","Stem","3","M5","18","Bors_TY","Sin_Taiwan",23.4875,120.89,2623,2.039829852,2.452290358,0.092607808,1.717121946,2.101414124,0.040506711,0.805909575,0.833791054,38.68558386,6.707934452,1.315308636,40.0008925,0.048830939,22.52931654,55.13014787,2.692323774,42.17752836,21.65353814,1.862399328,4.630294927,0.473621619,0.546190654,0.76532975,4.877487091,15.24614204,26.4803843,2.6832336489899,1.29157732608717,0.4,0.256,0.182857142857143,0.0490648438672439,0.0236174139627367
"M6.02","Leaf","1","M6","3","Lancelot","Flor_Taiwan",24.06064,121.15519,1932,2.305863993,2.716729575,0.106508769,2.019151268,1.4842501,0.179471328,0.896321042,1.066746424,35.54717471,15.11467456,1.474387095,37.0215618,0.071926482,17.60500824,53.75835208,3.870064692,42.37158323,21.05266442,1.067722957,3.329209661,0.427678242,0.262142656,0.790239853,5.601864022,11.42317191,25.50709763,5.59568858227996,1.42887292485955,0.93,0.089,0.0428860103626943,0.0239976758526069,0.00612786590625
"M6.02","Leaf","2","M6","3","Lancelot","Flor_Taiwan",24.06064,121.15519,1932,2.472815379,3.952899725,0.166894078,1.746570715,1.808282298,0.055304207,0.990834666,1.252426204,32.71147474,18.69757803,1.650743738,34.36221848,0.078625663,18.72897241,54.6444008,4.299283619,41.05631558,26.58927619,1.826364226,3.351447055,0.589347261,0.29699825,0.753013856,6.022373417,11.04132858,23.68508075,6.42490261524824,1.42640400677558,5.94,0.053,0.0453631123919308,0.0291453579442716,0.00647061252756612
"M6.02","Leaf","3","M6","3","Lancelot","Flor_Taiwan",24.06064,121.15519,1932,2.285506574,4.113684084,0.164959095,1.901453751,1.683677438,1.270367324,0.907933678,1.622451687,33.55723821,18.5890518,1.619338254,35.17657646,0.071960625,17.64820111,71.38433364,5.134357044,23.48130931,25.0133772,1.146632922,5.272326253,0.568700749,0.621090798,0.330656873,6.6540414,11.05574975,24.937601,6.5389920216548,1.65935829481479,0.85,0.12,0.0551351351351351,0.0360528208761508,0.0091488943822221
"M6.02","Stem","1","M6","3","Lancelot","Flor_Taiwan",24.06064,121.15519,1932,2.033071889,2.275572814,0.086086134,1.67625533,2.834223291,0.127902268,1.287130688,0.547717665,36.97391803,5.65816691,1.680660808,38.65457884,0.069432605,22.05744994,48.46773585,3.361366005,48.17089815,20.76485659,2.649140648,4.069082518,0.461147875,0.107276364,0.994654512,5.08656143,12.79273555,26.43367419,2.1871405892146,1.34456507579478,0.93,0.089,0.0461139896373057,0.0100857778466373,0.00620032599718835
"M6.02","Stem","2","M6","3","Lancelot","Flor_Taiwan",24.06064,121.15519,1932,1.350101006,2.098047557,0.082031324,2.385707692,1.797893788,0.340753068,0.792193175,0.655691056,39.33467303,7.99971197,1.004270868,40.3389439,0.053037208,16.48763307,43.09425087,2.284734241,54.62101489,17.35406208,1.587323693,3.131183805,0.446113615,0.083991955,1.267808871,6.237592082,10.51400779,25.57617566,3.22699932392444,1.59533750782862,5.94,0.053,0.00763688760806916,0.00246442311481261,0.00121834132442243
"M6.02","Stem","3","M6","3","Lancelot","Flor_Taiwan",24.06064,121.15519,1932,NA,NA,NA,NA,NA,NA,NA,NA,NA,NA,NA,NA,0.048915073,0,55.7771088,2.737653206,41.485238,NA,NA,NA,NA,NA,0.750157892,NA,NA,NA,NA,NA,0.85,0.12,0.0648648648648649,NA,NA
"M6.03","Leaf","1","M6","8","Gawain","Flor_Taiwan",24.6254,121.485,1213,2.131524315,3.522152077,0.149483864,2.259817654,1.245220266,0.410540696,1.04110528,1.222988831,36.40838088,16.3803399,1.311159657,37.71954054,0.07933085,16.11120296,51.7015638,4.09603753,44.20239867,21.58989455,1.716287322,3.38513431,0.538648649,0.216721875,0.856525108,5.044723102,9.438417132,23.56208883,6.17858894927246,1.18864213832293,3.33,0.729,0.560639722863741,0.346396239620909,0.066639999901353
"M6.03","Leaf","2","M6","8","Gawain","Flor_Taiwan",24.6254,121.485,1213,2.110000898,3.676824483,0.161400987,2.144069436,1.40723041,0.155131086,0.87257929,1.262243051,33.13164924,15.63884481,1.605326052,34.73697529,0.082294927,15.45269415,55.44398581,4.572134963,39.98387922,28.8554321,1.465799404,3.768916034,0.321237745,0.282937302,0.723229702,4.667580089,9.275846406,22.7806815,5.43246165776115,1.06330655394325,8.88,0.13,0.116842105263158,0.0634740256854198,0.0124238976302843
"M6.03","Leaf","3","M6","8","Gawain","Flor_Taiwan",24.6254,121.485,1213,2.058725747,2.991987481,0.127027761,2.128078981,1.823556743,0.056844846,0.927473582,1.176112899,35.25756773,9.717275166,1.368993115,36.62656084,0.081245194,16.56779097,55.15836784,4.47643971,40.36519245,20.59545329,2.124387973,3.997725691,0.29952131,0.278389591,0.732369427,4.727635933,9.334125613,23.5538079,3.55910370058208,1.11353828603757,10.91,0.284,0.26015449202351,0.0925916815283924,0.0289691987152834
"M6.03","Stem","1","M6","8","Gawain","Flor_Taiwan",24.6254,121.485,1213,1.488093521,2.365943487,0.093441554,2.45748561,1.628565197,2.822155456,0.89800311,0.867461555,41.13419097,9.138459159,1.193968995,42.32815997,0.075863581,16.73832425,46.81629574,3.543400216,49.64030405,21.46863895,1.664708093,6.093566515,0.443178082,0.245129892,1.065291351,6.249421307,10.61577625,25.32003567,3.86814161149083,1.58235570403367,3.33,0.729,0.168360277136259,0.0651241393712889,0.0266405844859248
"M6.03","Stem","2","M6","8","Gawain","Flor_Taiwan",24.6254,121.485,1213,1.429918735,2.162887758,0.08115534,2.45857827,1.804808214,0.14615568,0.629594485,0.93262107,40.42999002,8.806623616,1.154988911,41.58497893,0.078943701,16.44445919,46.20747487,3.633282028,50.1592431,24.35995721,1.841599964,3.523861414,0.519527118,0.171637113,1.089425943,6.457320687,10.21901068,26.65120691,3.66223257497056,1.72095389719971,8.88,0.13,0.0131578947368421,0.00481872707232968,0.0022644130226312
"M6.03","Stem","3","M6","8","Gawain","Flor_Taiwan",24.6254,121.485,1213,1.339263041,2.279075199,0.093039424,2.431692937,2.100445139,0.260270311,0.810323486,0.73203451,38.60301036,12.87325992,1.161614236,39.7646246,0.056628266,15.8749527,48.35289391,2.627822238,49.01928385,17.39478753,1.399918919,4.483158443,0.561317308,0.138986107,1.029352912,7.624387992,9.663684806,24.49580075,5.11900347889049,1.86765489067381,10.91,0.284,0.0238455079764903,0.0122065238287565,0.00445351795928935
"M6.04","Leaf","1","M6","9","Geraint","Flor_Taiwan",24.0611,121.116,2309,2.739777861,4.792043174,0.186309511,1.772134005,1.824703229,0.3962014,0.969793576,1.282662795,34.59104791,24.54474898,1.557248966,36.14829688,0.058782851,19.51943127,66.47976674,3.907432422,29.61280084,20.10511917,1.563943659,4.608622577,0.558164764,0.276833705,0.456937587,7.275307112,11.86304818,25.72087245,8.87250872741889,1.87127246243005,1.47,3.073,1.82887044534413,1.62266689876343,0.342231490172466
"M6.04","Leaf","2","M6","9","Geraint","Flor_Taiwan",24.0611,121.116,2309,2.091441245,4.335869814,0.178237896,2.161759059,1.349070358,0.049403255,1.058477235,1.423532517,37.08024077,7.023368963,1.248826014,38.32906678,0.098859993,17.15280924,47.53236568,4.690121991,47.77751233,24.92501446,1.613515152,5.110326846,0.489165829,0.437504752,1.005334108,3.929796716,10.55113942,24.32630721,2.69199178006011,0.955974421793909,3.31,2.725,2.0927494199536,0.563366423624064,0.200061491669968
"M6.04","Leaf","3","M6","9","Geraint","Flor_Taiwan",24.0611,121.116,2309,2.109025604,3.306918183,0.134879763,2.103632736,1.691218444,0.044377711,1.059063854,1.393914798,36.74420039,11.28485868,1.474969755,38.21917015,0.094074157,17.46702253,47.17563029,4.366923601,48.45744611,20.8992888,1.711621429,3.890330615,0.412152174,0.345852964,1.036077902,5.106944035,10.48394103,24.51752673,4.3129793409739,1.25209636907765,4.32,4.121,3.34637593984962,1.44328502957035,0.418998516385451
"M6.04","Stem","1","M6","9","Geraint","Flor_Taiwan",24.0611,121.116,2309,1.289291925,2.807868125,0.101765331,2.685326056,NA,0.072269663,0.863525587,0.925900721,39.71148543,7.044767655,0.913358286,40.62484372,0.051371021,14.78832909,63.33974937,3.253981941,33.40626869,26.02320183,1.741241379,5.184907195,NA,0.515388135,0.527425413,4.234319082,10.8942702,27.59159808,2.86192585026283,1.16831630258581,1.47,3.073,1.24412955465587,0.356060653354562,0.145353684123327
"M6.04","Stem","2","M6","9","Geraint","Flor_Taiwan",24.0611,121.116,2309,1.400175745,2.982970076,0.11578605,2.305741854,2.30419208,1.58547391,0.762697398,1.036972554,41.42560156,7.367521406,1.142438871,42.56804043,0.1556253,17.96627905,36.37481206,5.590219156,58.03496878,21.94725334,2.011901577,5.190339365,0.454376018,0.344909566,1.60065445,6.042100834,11.03293623,25.76277598,3.13620949108883,1.55661290231297,3.31,2.725,0.632250580046404,0.198287026988795,0.0984169410395091
"M6.04","Stem","3","M6","9","Geraint","Flor_Taiwan",24.0611,121.116,2309,1.545639791,2.086913522,0.081308902,2.047723129,2.352861307,0.065400356,0.637678769,0.549064448,39.30667624,6.104393677,1.245843913,40.55252015,0.093894751,19.19530804,36.68557549,3.446782135,59.86764238,16.80290594,1.869492992,3.097711303,0.52804611,0.080321247,1.637368821,7.045247101,12.26158908,25.66648275,2.47548547597963,1.80826713167761,4.32,4.121,0.774624060150376,0.191757061024663,0.140072722737658
"M6.05","Leaf","1","M6","10","Percival","Flor_Taiwan",23.4875,120.89,2623,2.455714141,2.942704255,0.126146195,1.703268169,1.796327421,0.123115089,1.37474348,0.907758704,32.0430125,3.516127203,1.692742306,33.73575481,0.058609167,18.81266443,52.50788488,3.073313224,44.4188019,21.4583415,1.821794227,3.041734264,NA,0.166939764,0.847247091,5.498103286,11.36408516,23.327729,1.18619205187039,1.28258263454318,1.51,0.86,0.517370517928287,0.0613700796238603,0.0663570441919429
"M6.05","Leaf","2","M6","10","Percival","Flor_Taiwan",23.4875,120.89,2623,2.185453417,4.557557066,0.162511375,2.256087366,2.049957531,1.116017938,1.172608722,1.31870122,42.17536521,23.37458914,1.505917738,43.68128295,0.078935362,18.69403014,52.45343499,4.054416835,43.49214817,19.75740605,2.616025497,4.615099661,0.621406938,0.189833994,0.833575349,8.465345571,10.04857803,28.04454189,10.2103204217931,2.37406738437002,3.02,0.833,0.625786069651741,0.638947628663883,0.14856582975533
"M6.05","Leaf","3","M6","10","Percival","Flor_Taiwan",23.4875,120.89,2623,1.873892115,3.052424148,0.139538105,2.226467711,1.27599259,0.05480934,0.995718459,1.101448402,35.03426079,13.58312811,1.204179523,36.23844031,0.061188163,15.73535543,50.50605449,3.089062251,46.40488326,22.94095818,1.085528323,3.352228442,0.286934486,0.158528283,0.922400472,7.001479562,10.21728946,21.87520131,4.92231377043365,1.53158774898118,2.75,1.21,0.887333333333333,0.436773308563146,0.135902886259596
"M6.05","Stem","1","M6","10","Percival","Flor_Taiwan",23.4875,120.89,2623,1.527645861,2.249906009,0.094641745,2.399170503,2.324942308,0.755296245,0.697320584,0.70471487,41.41711926,7.523946792,1.53368415,42.95080341,0.076454959,17.26309956,43.6253292,3.330744676,53.04392612,27.79092838,NA,5.086507273,0.441255908,0.047164462,1.217117445,5.065694315,12.27193489,23.77287126,3.23159559499668,1.20426098784661,1.51,0.86,0.342629482071713,0.110723992497894,0.0412615318545055
"M6.05","Stem","2","M6","10","Percival","Flor_Taiwan",23.4875,120.89,2623,1.502688389,2.002244171,0.082296547,2.089920182,2.06283305,0.077196213,0.847738885,0.800348704,39.85826442,8.489459245,1.412757675,41.27102209,0.04969636,19.07166827,39.04790051,1.936707782,59.01539171,30.71148143,1.83628436,3.058028079,0.463453411,0.049679869,1.51350226,7.707629316,12.35867018,24.32962546,3.50368659995831,1.87523734417344,3.02,0.833,0.207213930348259,0.0726012671085888,0.0388575300422009
"M6.05","Stem","3","M6","10","Percival","Flor_Taiwan",23.4875,120.89,2623,1.475976115,2.919325663,0.111088236,2.426695303,2.020719709,2.076334998,0.93409569,1.104797397,41.13746658,0.218286361,1.394574357,42.53204094,0.0553057,16.95205267,42.03345876,2.290500443,55.6760408,26.62083511,1.969284551,6.811673509,0.649266299,0.450287895,1.336603941,7.125112609,9.902710307,26.2793413,0.0928416443862252,1.87243266060544,2.75,1.21,0.322666666666667,0.00299569039219553,0.0604171605155355
"M7.10","Leaf","1","M7","30","Kay","Lut",31.1692,118.221,2,1.599645854,3.229758503,0.118592569,2.522272854,1.325497505,2.779779029,0.838737298,1.021442287,40.75908325,22.98807363,1.334054875,42.09313812,0.032096298,16.15966456,76.54262746,2.455856839,21.0015157,21.44345986,1.448937941,6.106018638,0.331255814,0.413931248,0.275098936,7.089696634,10.61559015,27.23407143,9.6764015831033,1.93081304581051,0.04,0.219,0.00842307692307692,0.00815050748730625,0.00162633868089424
"M7.10","Leaf","2","M7","30","Kay","Lut",31.1692,118.221,2,2.375133668,3.713944905,0.138743894,2.41258281,1.416610572,3.207571255,0.544721254,1.528929013,39.27283551,22.81719037,1.173714373,40.44654988,0.04488971,16.27833679,66.38652476,3.000119762,30.61335547,19.09010178,2.252360692,7.018218056,0.577211667,0.630291982,0.487262866,7.782500511,9.112298933,26.76834853,9.22876628396556,2.08324686140429,0.1,0.07,0.00636363636363636,0.00587285127161444,0.00132570254816637
"M7.10","Leaf","3","M7","30","Kay","Lut",31.1692,118.221,2,1.56205026,2.098105106,0.084848818,2.599550418,0.990799782,0.155765627,0.518863904,0.704562063,37.41329336,25.5559252,1.138667909,38.55196127,0.055505217,14.39221686,76.79978424,4.155052859,19.0451629,23.10140253,0.798266534,3.143643608,0.272110765,0.131256991,0.248845124,7.131526131,10.25012561,24.72757016,9.85231038735366,1.76345312753701,0.06,0.217,0.0122830188679245,0.0121016114380514,0.00216605280382376
"M7.10","Stem","1","M7","30","Kay","Lut",31.1692,118.221,2,1.390185061,2.804059599,0.106384326,2.083718314,2.180882353,0.029524038,0.800253893,0.767346834,38.71354155,10.86984706,1.121029214,39.83457076,0.047250641,18.5790667,52.29416589,2.464702885,45.24113122,23.58120397,1.624764706,3.916921769,0.468594059,0.312912407,0.866388852,5.57146648,12.11438663,26.35782649,4.32995691999005,1.46851746761394,0.04,0.219,0.210576923076923,0.0911789005267136,0.030923588981486
"M7.10","Stem","2","M7","30","Kay","Lut",31.1692,118.221,2,1.468803257,2.391151372,0.084547187,2.163461658,1.876617473,1.419809198,0.684133929,0.685919341,40.66368893,7.412281917,1.129676938,41.79336587,0.047965238,18.79565962,53.21829643,2.54907725,44.23262633,22.14526471,1.755854719,4.628307151,0.49653401,0.376493496,0.832603122,5.787209257,12.51371623,28.281856,3.09784210069311,1.63673018819792,0.1,0.07,0.0636363636363636,0.0197135406407743,0.0104155557430777
"M7.10","Stem","3","M7","30","Kay","Lut",31.1692,118.221,2,1.36162851,2.152541699,0.080467415,2.617199356,NA,NA,0.684355337,0.519684454,40.65243558,7.104895077,1.030401283,41.68283686,0.048102297,15.53280054,52.75246383,2.539496923,44.70803924,23.86982251,1.60565312,3.017404777,0.499611111,0.123528618,0.848240472,5.111622691,11.38155246,26.75047644,2.96152182432932,1.36738342362957,0.06,0.217,0.204716981132075,0.0606273807433454,0.0279926606535487
"M8.01","Leaf","1","M8","20","Lamorak","Hyb.gig",29.0442,111.415,36,2.237502481,3.856640149,0.152616285,1.995140676,1.803173086,0.058112384,1.05542312,1.172112853,35.15889674,18.10897184,1.642281291,36.80117803,0.03999077,17.62226452,70.77283499,2.832190906,26.3949741,23.35974382,1.166381133,3.40730211,0.477306363,NA,0.373417955,6.149668564,10.88247834,25.27017445,6.66431496584586,1.55403197425347,0.12,4.52,0.484285714285714,0.322743253345964,0.0752595484674183
"M8.01","Leaf","2","M8","20","Lamorak","Hyb.gig",29.0442,111.415,36,1.513960348,3.76804777,0.151200156,3.231410343,1.367371518,1.478915732,0.744825539,1.363594,38.81579349,21.69242568,0.985210374,39.80100386,0.038283432,12.01202861,68.32895486,2.616409311,29.05463583,15.72496145,0.789183653,3.867085642,0.458450262,0.29908117,0.425356604,7.311697266,7.138237292,24.9209252,8.63380318091606,1.8221426062948,0.29,5.581,1.25464341085271,1.08323442715355,0.228613921462177
"M8.01","Leaf","3","M8","20","Lamorak","Hyb.gig",29.0442,111.415,36,2.809572544,3.721018556,0.135846088,2.013419642,2.407029945,0.108069733,0.886929144,1.227495357,36.5720752,19.25643571,1.658239867,38.23031507,0.043904724,18.16415934,65.11838818,2.852105009,32.02950681,17.8732957,2.207434601,2.399181898,0.489448151,0.169568182,0.496096679,6.500644666,9.363744959,27.39142962,7.36179604184691,1.78061950810129,0.33,4.751,1.17881954887218,0.867822908893898,0.209902908525297
"M8.01","Stem","1","M8","20","Lamorak","Hyb.gig",29.0442,111.415,36,1.561800114,2.309868913,0.101490959,2.361824794,1.975020747,0.063534829,0.684067472,0.803682097,42.55858768,5.786154901,1.191944383,43.75053206,0.029832598,18.01936697,51.60509667,1.539065723,46.85583761,25.87102192,1.389057531,4.884917846,0.455189962,0.328117564,0.90812524,4.714543006,11.95423114,22.75935645,2.53147355479409,1.07299964782029,0.12,4.52,4.03571428571428,1.02163039889904,0.433032000727476
"M8.01","Stem","2","M8","20","Lamorak","Hyb.gig",29.0442,111.415,36,1.484882879,2.493620863,0.099811319,2.45552697,1.584618253,0.034920619,1.00199782,0.958087225,40.75456408,4.531947717,0.974262124,41.7288262,0.032357609,16.59707451,53.02194274,1.715573433,45.26248382,22.79807155,1.057143211,3.212312244,NA,0.380342934,0.854165619,4.22931815,11.46843235,24.98334748,1.89112858629348,1.0566252496478,0.29,5.581,4.32635658914729,0.818169662023558,0.457133761107318
"M8.01","Stem","3","M8","20","Lamorak","Hyb.gig",29.0442,111.415,36,1.406437849,1.855233842,0.076690269,2.366410783,2.439090644,0.075900373,0.889345274,0.590752985,41.04690747,6.121442263,0.982614431,42.0295219,0.033671288,17.34563913,51.2472681,1.724984054,47.02774785,24.68087052,1.649426704,3.698805801,NA,0.061050508,0.919145272,4.445479662,10.96133866,24.19125492,2.5728129165404,1.07541731718934,0.33,4.751,3.57218045112782,0.919055200487476,0.384158471726808
"M9.01","Leaf","1","M9","48","Galahad","Hyb.mx",NA,NA,NA,1.803825219,2.910630106,0.110841204,2.207367498,1.322171136,0.427439474,0.698744567,0.932685342,35.68757733,15.4064399,1.13641919,36.82399652,0.055276141,16.16748338,70.18873965,3.881075038,25.93018531,27.29556382,1.027676509,2.500178926,0.399455635,0.119343246,0.369686346,4.79220153,10.91561031,26.25945955,5.6732668934713,1.25840622236284,0.32,1.976,0.479030303030303,0.271766675915134,0.060281471403369
"M9.01","Leaf","2","M9","48","Galahad","Hyb.mx",NA,NA,NA,2.073910229,2.469837111,0.100512364,1.938491788,1.757036198,0.231065046,0.914781386,1.021210458,35.74451868,15.25207327,1.441763991,37.18628267,0.060087159,18.43934491,65.96533232,3.862578673,30.17208901,24.71933831,1.917751142,3.593332787,0.415672122,0.169428119,0.475770109,6.102453195,11.36019383,24.57247059,5.67167907789449,1.49952351689083,0.3,0.673,0.155307692307692,0.0880855389097614,0.0232887536969429
"M9.01","Leaf","3","M9","48","Galahad","Hyb.mx",NA,NA,NA,2.12307237,4.164310851,0.150546113,2.086856596,1.417646905,0.114965622,0.723902849,1.104077195,35.76995668,20.53610242,1.422415479,37.19237216,0.054129834,17.14059162,70.28386695,3.805374353,25.91075869,20.66944789,1.730478291,2.874685538,0.421387606,0.183811742,0.368770342,5.767143255,10.7241036,27.6613641,7.6378636381035,1.59527049394372,0.43,0,0,0,0
"M9.01","Stem","1","M9","48","Galahad","Hyb.mx",NA,NA,NA,1.227712407,1.954349352,0.076573549,3.007859808,NA,0.133366905,0.576214878,0.523608179,39.34711632,12.23142322,0.877392424,40.22450874,0.05391648,13.08143292,59.66627076,3.216650252,37.11707899,25.86415668,NA,3.589222836,0.371089286,0.176527723,0.622662182,5.730552401,10.90641635,25.52251228,4.92002990376253,1.46258094019566,0.32,1.976,1.4969696969697,0.736513567411725,0.218943934683836
"M9.01","Stem","2","M9","48","Galahad","Hyb.mx",NA,NA,NA,1.37383883,1.832700014,0.07446493,2.25794255,2.414191747,0.051020429,0.951783927,0.680002923,36.22255454,10.7417931,0.732363176,36.95491772,0.056894595,16.04228351,58.29838715,3.317057509,38.38455534,23.13173571,2.836045083,2.605878769,0.534764706,0.0439155,0.65847258,5.389014283,7.931659214,24.61158567,3.9696208031407,1.32632186732587,0.3,0.673,0.517692307692308,0.20550421542413,0.0686626628238699
"M9.01","Stem","3","M9","48","Galahad","Hyb.mx",NA,NA,NA,1.282505718,2.138150243,0.073451764,2.343477852,1.939140496,0.223527902,0.754368903,0.545749931,42.1647612,8.706557735,0.948246234,43.11300743,0.058729304,17.99238732,59.7449098,3.503912567,36.75117763,27.76159215,1.740362766,2.503665245,0.553607656,NA,0.616375518,4.116672233,11.72240178,29.10958338,3.75365888338678,1.1983461363422,0.43,0,0,0,0
"M9.02","Leaf","1","M9","49","Tristan","Hyb.mx",NA,NA,NA,2.169496472,2.760429873,0.098808459,2.064177272,1.564343455,0.068610519,0.785513443,1.119721284,35.78379462,23.0218201,1.601714053,37.38550867,0.069336512,17.33562088,70.59713009,4.887092786,24.51577713,28.08910727,1.042431993,4.082072724,0.420781076,0.170229385,0.347673926,6.499998563,11.35305444,27.93718158,8.60682454961991,1.81591640112465,0.66,2.548,1.01306024096386,0.871923175217157,0.183963270689355
"M9.02","Leaf","2","M9","49","Tristan","Hyb.mx",NA,NA,NA,2.362715702,4.19760626,0.155412547,1.803580774,1.751020786,0.108187008,0.888002891,1.234324366,36.71029682,24.94897338,1.593631645,38.30392847,0.070463112,20.35411851,66.01694022,4.651328312,29.33173147,24.1596345,1.521303,2.885866979,0.499209784,0.144193998,0.454289007,7.460323637,13.33186635,27.00944254,9.55643691639812,2.01499182599355,0.65,1.77,0.697272727272727,0.666344283170669,0.140499884594278
"M9.02","Leaf","3","M9","49","Tristan","Hyb.mx",NA,NA,NA,2.15415555,3.060300447,0.120118502,1.806401322,1.70376302,0.299174702,0.805938661,1.043840606,31.96303591,25.9445289,1.702699199,33.66573511,0.061983139,17.69431605,69.81408893,4.335224408,25.85068667,22.93704401,1.496356718,4.528362022,0.493606432,0.360336825,0.371245286,6.782306885,11.04049567,25.47734434,8.73441637417887,1.72795167886292,0.53,1.572,0.544549019607843,0.475631787340579,0.0940954392654528
"M9.02","Stem","1","M9","49","Tristan","Hyb.mx",NA,NA,NA,1.395592431,2.463266604,0.091197273,1.996408737,2.046093042,1.107226292,0.662727901,0.77269465,38.50828212,10.1277088,1.102444281,39.6107264,0.069332594,19.28877659,56.61612823,3.9247572,39.45911457,24.52975532,1.647303597,3.684973535,0.441394884,0.752958416,0.697037146,6.060183295,13.09566473,27.01031002,4.01165902446217,1.63687429603557,0.66,2.548,1.53493975903614,0.615765493634313,0.251250343752929
"M9.02","Stem","2","M9","49","Tristan","Hyb.mx",NA,NA,NA,1.374606544,3.302168281,0.111437074,2.263773743,1.86728972,0.063977707,0.778491208,1.111098337,40.38693366,4.521379233,0.98136113,41.36829479,0.072720377,17.84053454,57.3643654,4.171603046,38.46403155,24.24120488,1.313089956,5.053662926,0.344793522,0.517109573,0.670530986,3.38844649,12.16226359,29.63258252,1.8704174900633,1.00408420238857,0.65,1.77,1.07272727272727,0.2006447852977,0.107710850801683
"M9.02","Stem","3","M9","49","Tristan","Hyb.mx",NA,NA,NA,1.375798334,1.675516813,0.064285296,2.183490336,2.199238095,0.051519571,0.844683642,0.469877117,40.3043293,5.202908662,1.120948751,41.42527805,0.102139726,18.4586708,58.60986791,6.068459215,35.32167288,23.09743839,1.652799427,3.350287968,0.318216216,0.055704131,0.607147173,4.698252467,12.06793508,26.06376447,2.15531937984851,1.22454145714984,0.53,1.572,1.02745098039216,0.221448500988357,0.125815632067944
