Genotype.y,biol_rep,name,gen_n,pop_dapc8,pop_dapc8_n,pop_dapc8_ID,ID,Genotype,pop_dapc5,Lat,Long,Alt,Country,Ac_ara,Ac_gal,Ac_glc,Ac_xyl,Ac_man,Ac_cel,Ara,Gal,Glc,Xyl,Man,Cel,AraEnz,GlcEnz,XylEnz,AraEnz_p,GlcEnz_p,XylEnz_p,AraE,GlcE,XylE,AraE_DW,GlcE_DW,XylE_DW,ADF,NDF,ADL,Ash,DM,K_Lignin,Cellulose,Hemicellulose,CelHem,XylAra,ManGal,XylGlc,DWL,DWS,LSR,DW,GlcE_harv
Mb229,1,Angharad,11,Sin_S_Japan,1,M1,M1.01,Mb229,2,40.91,124.852,450,China,1.162666667,0.319933333,9.0571,8.414,0.563033333,NA,3.312929769,0.910418031,25.77341644,23.93857664,1.598855779,NA,1.971666667,9.91700451,1.7092852,0.343356096,1.633327305,0.322800238,12.58027791,8.666701312,1.925867838,1.157110042,5.504313018,1.087836802,55.4,89.04,8.84,1.77,92.32,20.38,46.56,33.64,1.384066587,7.225802632,1.756177629,0.928808825,6.14,7.95,0.77,0.337,5.504313018
Mb229,2,Angharad,11,Sin_S_Japan,1,M1,M1.01,Mb229,2,40.91,124.852,450,China,1.050866667,0.3772,11.55706667,9.462066667,0.670866667,NA,2.965150502,1.064108954,32.6231506,26.70514843,1.894039971,NA,0.8912,20.4322956,2.57317029,0.165990146,3.608213771,0.481321231,5.569507721,11.10665451,1.794884658,0.17096985,3.716460184,0.495760868,46.93,81.28,7.4,3.72,92.39,19.75,39.53,34.35,1.150800582,9.006338265,1.779930489,0.818595014,2.94,8.71,0.34,0.103,3.716460184
Mb229,3,Angharad,11,Sin_S_Japan,1,M1,M1.01,Mb229,2,40.91,124.852,450,China,1.259333333,0.4947,13.34133333,10.68636667,0.785333333,NA,3.566174227,1.400900686,37.78502533,30.26887288,2.219723389,NA,2.436533333,28.83234641,4.2146568,0.476581173,5.432761513,0.828951026,13.33402688,14.3722983,2.738171744,0.681511077,7.768848963,1.185399968,42.21,77.32,6.53,4.21,91.95,19.26,35.68,35.11,1.016234691,8.487771757,1.584497324,0.801081185,5.51,6.22,0.89,0.143,7.768848963
Mb1205#12,1,Bedivere,39,Sin_S_Japan,1,M1,M1.03,Mb1205,2,35.2884,132.686,62,Japan,NA,NA,13.3082,7.6939,3.151466667,NA,NA,NA,37.9522784,22.02591734,8.96775932,NA,1.11915,9.76865617,1.0487631,0.222279336,1.718853688,0.210653711,NA,4.701737261,0.681653697,6.550572017,50.65461819,6.207964863,59.32,92.42,9.92,1.29,92.69,20.64,49.4,33.1,1.49244713,NA,NA,0.580358236,11.07,19.34,0.57,2.947,50.65461819
Mb1205#12,2,Bedivere,39,Sin_S_Japan,1,M1,M1.03,Mb1205,2,35.2884,132.686,62,Japan,0.7649,0.205433333,14.38496667,10.78526667,0.807666667,NA,2.151924561,0.578495386,40.4287208,30.31441773,2.267962204,NA,4.2568,9.47089045,1.2277116,0.840344524,1.640221317,0.243519777,3.012737676,4.04922634,0.80582527,17.08420418,33.34569937,4.95075706,58.55,91.62,9.82,1.16,92.3,20.86,48.73,33.07,1.473540974,14.08711917,3.920449945,0.749823817,18.13,34.84,0.52,2.033,33.34569937
Mb1205#12,3,Bedivere,39,Sin_S_Japan,1,M1,M1.03,Mb1205,2,35.2884,132.686,62,Japan,0.902866667,0.253633333,14.74083333,10.37423333,0.230866667,NA,2.617190812,0.735245372,42.7263929,30.07073219,0.669103451,NA,0.345933333,11.21671675,1.8863493,0.067764295,1.950436093,0.368082853,2.595744821,4.566271212,1.224164652,1.836412404,52.85681811,9.975045316,62.26,93.35,11.05,1.13,93.24,21.19,51.21,31.09,1.647153426,11.48969806,0.910041024,0.703797586,14.42,31.13,0.46,2.71,52.85681811
Mb1201#13,1,Urien,37,Sin_S_Japan,1,M1,M1.02,Mb1201,2,35.4304,133.284,2,Japan,1.542266667,0.7894,12.4024,10.21106667,2.4118,NA,4.439605409,2.265706238,35.77997142,29.43485577,6.899640053,NA,0.4663,12.61545376,1.4174325,0.09324237,2.273308363,0.2825237,2.030110651,6.359814615,0.96124543,NA,NA,NA,54.21,82.84,9.63,3.68,93.3,20.37,44.58,28.63,1.557107929,6.630061246,3.045249175,0.82266292,22.39,32.52,0.69,NA,NA
Mb1201#13,2,Urien,37,Sin_S_Japan,1,M1,M1.02,Mb1201,2,35.4304,133.284,2,Japan,0.849066667,0.2319,13.53316667,9.486166667,0.831533333,NA,2.501987086,0.683388385,39.87456425,27.95326749,2.443977278,NA,0.866566667,16.81826837,2.5413355,0.17249922,3.122185032,0.509747409,6.907759737,7.818611999,1.807782239,3.451709399,62.47492248,10.20004566,47.98,79.43,7.63,4.5,92.61,19.34,40.35,31.45,1.282988871,11.17242677,3.576263997,0.701030043,22.22,34.11,0.65,2.001,62.47492248
Mb1201#13,3,Urien,37,Sin_S_Japan,1,M1,M1.02,Mb1201,2,35.4304,133.284,2,Japan,1.290733333,0.575733333,14.22623333,10.36396667,0.663833333,NA,3.669342623,1.619726877,40.6347288,29.6000444,1.848596894,NA,0.996,19.6720251,3.3093511,0.197432327,3.651533479,0.653839542,5.652816137,9.001452728,2.221338155,6.142119693,113.5992065,20.34094815,45.37,79.68,6.77,4.79,92.85,18.61,38.6,34.31,1.125036433,8.066852142,1.141301611,0.728442032,23.84,37.3,0.64,3.111,113.5992065
Mx1907#12,1,Cigfa,45,Sin (EMI/PRI),2,M2,M2.03,Mx1907,1,NA,NA,NA,NA,5.665866667,0.125633333,13.9309,12.50423333,19.0729,NA,2.392873789,0.356556521,39.60067906,35.54390713,54.22690516,NA,0.418,15.91703391,2.0010221,0.082581381,2.908771286,0.395912555,3.472785233,7.344845215,1.112740727,2.448537937,86.24506863,11.73880727,58.83,91.78,8.59,1.04,91.77,19.3,50.24,32.95,1.524734446,14.85406681,152.0850188,0.897558021,17.78,31.21,0.57,2.965,86.24506863
Mx1907#12,2,Cigfa,45,Sin (EMI/PRI),2,M2,M2.03,Mx1907,1,NA,NA,NA,NA,0.757533333,0.156233333,14.83546667,10.69643333,0.417966667,NA,2.180432359,0.449897553,42.68823368,30.77792913,1.200230412,NA,0.3963,11.71025716,1.9107264,0.078849393,2.081729402,0.378574621,3.501572789,4.832319035,1.212895991,1.642432856,43.36242344,7.885709345,60.9,93.41,9.4,0.81,92.76,20.19,51.5,32.51,1.584127961,14.11551658,2.667786044,0.720993269,10.42,21.32,0.49,2.083,43.36242344
Mx1907#12,3,Cigfa,45,Sin (EMI/PRI),2,M2,M2.03,Mx1907,1,NA,NA,NA,NA,0.7056,0.2059,16.00503333,11.12293333,0.802266667,NA,1.976777855,0.581532403,44.72269161,31.08244564,2.22517658,NA,4.339733333,9.432433033,2.0749751,0.849137825,1.644471048,0.415201564,2.410046792,3.677659794,1.335755231,16.88935133,32.70852915,8.258359115,61.76,93.06,9.91,1.41,93.71,19.92,51.85,31.3,1.656549521,15.72379292,3.826401707,0.695003912,14.13,32.9,0.43,1.989,32.70852915
Mx1901#1,1,Hafgan,46,Sin_N_Japan,3,M3,M3.06,Mx1901,1,NA,NA,NA,NA,7.671533333,0.091133333,16.4926,12.10643333,18.64873333,NA,2.198254378,0.260693676,47.15247268,34.62489024,53.34948,NA,0.3081,11.08719465,1.9673648,0.046584701,1.283969859,0.26919017,1.965475036,2.762682879,0.774503111,1.050019161,28.94068062,6.067546439,60,93.17,9.21,0.67,93.09,19.77,50.79,33.17,1.531202894,15.7510844,204.6443195,0.734317593,5.48,13.59,0.4,2.254,28.94068062
Mx1901#1,2,Hafgan,46,Sin_N_Japan,3,M3,M3.06,Mx1901,1,NA,NA,NA,NA,1.090733333,0.306233333,13.59743333,9.708033333,0.521133333,NA,3.117184658,0.875151599,38.85366223,27.74423122,1.475302592,NA,0.8741,22.9377428,3.2261768,0.171843817,4.287218398,0.635623545,5.51714562,11.03787899,2.291102114,0.498347068,12.43293335,1.84330828,46.24,79.23,6.35,4.97,92.67,17.67,39.89,32.99,1.209154289,8.900413116,1.685768035,0.714069913,9.68,17.49,0.55,0.29,12.43293335
Mx1901#1,3,Hafgan,46,Sin_N_Japan,3,M3,M3.06,Mx1901,1,NA,NA,NA,NA,0.778966667,0.1764,14.29033333,11.30683333,0.2066,NA,2.277663968,0.515901511,41.78180585,33.05926676,0.603893705,NA,0.621433333,11.19538215,2.2684398,0.12551239,2.001582586,0.45482399,5.591082758,4.790434168,1.376218024,0.48949832,7.806172087,1.773813561,58.33,92.07,8.95,1.2,93.76,19.44,49.38,33.74,1.463544754,14.51454966,1.170560063,0.791235948,6.98,15.28,0.46,0.39,7.806172087
Mx1968#15,1,Nimue,47,Sin (EMI/PRI),2,M2,M2.02,Mx1968,1,NA,NA,NA,NA,NA,NA,14.92793333,11.02023333,18.50466667,NA,NA,NA,42.89211584,31.70815126,53.26280067,NA,0.255333333,10.17843288,1.0315074,0.052007874,1.826269721,0.209932881,NA,4.289789199,0.66210127,0.263679919,9.259187485,1.064359705,61.55,92.1,10.95,1.79,92.36,21.38,50.6,30.55,1.656301146,NA,NA,0.739253605,15.04,37.55,0.4,0.507,9.259187485
Mx1968#15,2,Nimue,47,Sin (EMI/PRI),2,M2,M2.02,Mx1968,1,NA,NA,NA,NA,0.776,0.199466667,15.62816667,10.90786667,0.307433333,NA,2.203056276,0.566412677,44.36956308,30.9677982,0.871428577,NA,0.232366667,9.91479818,1.2404018,0.046745832,1.741720774,0.249516678,2.14238921,3.933396363,0.796058744,0.60816327,22.65978727,3.246211976,61.47,93.46,10.92,0.87,93.56,21.51,50.55,31.99,1.580181307,14.05674405,1.538504721,0.69795139,14.12,36.56,0.39,1.301,22.65978727
Mx1968#15,3,Nimue,47,Sin (EMI/PRI),2,M2,M2.02,Mx1968,1,NA,NA,NA,NA,0.743833333,0.212766667,14.6673,10.69026667,0.222633333,NA,2.107837244,0.602958442,41.5630906,30.29486066,0.630743379,NA,0.413266667,15.77114588,2.1057432,0.081439605,2.853732257,0.413862241,3.91731181,6.866050579,1.369163824,0.090397961,3.167642805,0.459387087,56.81,88.33,9.98,2.43,93.45,20.55,46.83,31.52,1.48572335,14.37248571,1.046081014,0.728888546,18.22,49.44,0.37,0.111,3.167642805
Mb112,1,Luned,16,Sin (EMI/PRI),2,M2,M2.01,Mb112,1,NA,NA,NA,NA,1.2266,0.3176,14.424,12.13423333,0.4041,NA,3.504974733,0.907478354,41.21600331,34.67461888,1.156143611,NA,0.389366667,12.29289493,1.3523356,0.081103962,2.296669044,0.280065564,2.336974583,5.581353596,0.808215218,0.433906198,12.28717939,1.498350766,54.39,87.19,7.91,2.59,93.24,18.74,46.48,32.8,1.417073171,9.892972567,1.274017838,0.841290181,7.67,19.51,0.39,0.535,12.28717939
Mb112,2,Luned,16,Sin (EMI/PRI),2,M2,M2.01,Mb112,1,NA,NA,NA,NA,0.892666667,0.233233333,12.63903333,10.46593333,0.7395,NA,2.562206922,0.669483534,36.27461714,30.03824757,2.122844831,NA,0.422266667,10.34663826,2.0180852,0.084223217,1.841310478,0.406435812,3.259583396,5.08617821,1.354690144,0.11622804,2.54100846,0.560881421,52.32,87.9,6.97,3.07,92.81,18.09,45.35,35.58,1.274592468,11.7235838,3.170869367,0.828078969,5.23,8.84,0.59,0.138,2.54100846
Mb112,3,Luned,16,Sin (EMI/PRI),2,M2,M2.01,Mb112,1,NA,NA,NA,NA,1.117966667,0.311566667,14.4038,11.17436667,0.276333333,NA,3.202447924,0.892312092,41.24256338,31.99530195,0.791751637,NA,0.232533333,10.22733427,2.1931482,0.046547354,1.813853077,0.442092092,1.454447544,4.427095488,1.39434603,0.062373455,2.430563123,0.592403403,55.41,89.75,7.14,3.03,93.05,18.54,48.27,34.34,1.405649388,9.990889068,0.887303493,0.775783543,5.14,9.14,0.56,0.134,2.430563123
Mb915#19,1,Aeron,19,Sin_N_Japan,3,M3,M3.04,Mb915,1,35.5094,137.543,460,Japan,1.5974,0.4014,12.94816667,9.724866667,0.3893,NA,4.664390567,1.164325875,37.53566673,28.20521709,1.127735107,NA,0.426866667,13.99469148,2.0705812,0.07517517,2.244762662,0.365696333,1.951015789,5.982793504,1.298850674,1.247907816,37.26306018,6.070559122,49.52,80.76,8.11,3.7,92.59,19.21,41.41,31.24,1.325544174,6.046924392,0.968573431,0.751424433,29.81,53.71,0.55,1.66,37.26306018
Mb915#19,2,Aeron,19,Sin_N_Japan,3,M3,M3.04,Mb915,1,35.5094,137.543,460,Japan,1.029066667,0.363133333,12.83993333,9.4841,0.758066667,NA,2.894937617,1.021508838,36.11931191,26.67932589,2.132945454,NA,0.852666667,25.2540069,3.44246616,0.16956029,4.756022891,0.680969883,5.86115129,13.13037135,2.547258427,0.854583862,23.97035537,3.432088212,42.78,76.16,6.42,4.55,92.97,18.32,36.36,33.38,1.089275015,9.215855197,2.088034264,0.738644356,NA,NA,NA,0.504,23.97035537
Mb915#19,3,Aeron,19,Sin_N_Japan,3,M3,M3.04,Mb915,1,35.5094,137.543,460,Japan,1.178866667,0.4196,14.27583333,10.3223,0.716033333,NA,3.35937127,1.195712773,40.67531581,29.40987251,2.039336496,NA,1.0805,23.95773987,2.824822,0.215780711,4.555988831,0.565854827,6.439371762,11.21016563,1.926226413,2.358483171,49.79695793,6.184793263,43.08,77,6.07,4.72,92.7,17.7,37.01,33.92,1.091096698,8.754576419,1.705540446,0.723039807,34.09,40.4,0.84,1.093,49.79695793
Mb215,1,Dylan,15,Sin_N_Japan,3,M3,M3.03,Mb215,1,NA,NA,NA,NA,0.883866667,0.2606,7.810533333,6.995033333,0.505733333,NA,2.580544606,0.760530827,22.80152564,20.41994341,1.475111047,NA,0.257433333,9.63322591,1.811498,0.052152322,1.687449837,0.363276869,2.444657819,8.283550848,1.971083795,0.1392467,4.505491064,0.96994924,54.74,88.48,8.37,2.47,92.48,19.47,46.37,33.74,1.374333136,7.913036403,1.939580876,0.895551628,17.44,14.72,1.18,0.267,4.505491064
Mb215,2,Dylan,15,Sin_N_Japan,3,M3,M3.03,Mb215,1,NA,NA,NA,NA,0.8564,0.1942,13.715,11.55636667,0.4523,NA,2.363285212,0.534634081,37.85713436,31.91659953,1.250940207,NA,0.265666667,8.9266877,2.658768,0.052748795,1.535863009,0.529606695,2.237241961,4.076660573,1.665289414,0.086508024,2.518815335,0.86855498,54.37,90.61,8.14,1.68,93.27,19.28,46.23,36.24,1.275662252,13.50518311,2.339806328,0.843080177,5.02,7.58,0.66,0.164,2.518815335
Mb215,3,Dylan,15,Sin_N_Japan,3,M3,M3.03,Mb215,1,NA,NA,NA,NA,1.025,0.301033333,13.7487,11.09313333,0.7642,NA,2.891104818,0.84906398,38.78096805,31.29045649,2.15481469,NA,0.353333333,13.71188231,2.2396492,0.071160891,2.559138651,0.459123144,2.475246912,6.596896974,1.465770117,0.05265906,1.893762602,0.339751127,49.9,85.87,7.15,2.74,92.79,19.03,42.75,35.97,1.188490409,10.82301005,2.537870811,0.806850836,NA,NA,NA,0.074,1.893762602
Mb25,1,Enid,13,Sin_N_Japan,3,M3,M3.01,Mb25,1,36.141,137.725,1320,Japan,NA,NA,8.499133333,6.24255,0.4602,NA,NA,NA,23.82714447,17.41826475,1.288721059,NA,0.5584,17.62298916,2.134594,0.103838167,3.046241015,0.397548495,NA,15.06499413,2.945778611,0.104876548,3.076703425,0.40152398,57.08,90.26,8.18,2.37,93.67,18.81,48.9,33.18,1.473779385,NA,NA,0.731026111,4.55,6.93,0.66,0.101,3.076703425
Mb25,2,Enid,13,Sin_N_Japan,3,M3,M3.01,Mb25,1,36.141,137.725,1320,Japan,0.8485,0.23825,12.25833333,10.1162,1.0461,NA,2.383812554,0.664353791,34.44856063,28.42687373,2.938591043,NA,0.568066667,14.58859948,2.1544061,0.111809759,2.630028048,0.422298601,4.720076993,7.638916656,1.480979273,1.099089928,25.85317571,4.151195245,57.57,89.44,7.85,2.31,93.25,18.69,49.72,31.87,1.560087857,11.92496184,4.423232147,0.825197721,3.09,10.37,0.3,0.983,25.85317571
Mb25,3,Enid,13,Sin_N_Japan,3,M3,M3.01,Mb25,1,36.141,137.725,1320,Japan,0.753066667,0.1444,15.04966667,11.09296667,0.766333333,NA,2.141573548,0.410655178,42.79950665,31.54668824,2.179569542,NA,0.4291,16.94515844,1.1035431,0.086182849,3.159593039,0.215737437,4.024468047,7.359234512,0.68063393,0.149958157,5.497691887,0.37538314,57.75,92.75,7.59,1.32,93.44,18.4,50.16,35,1.433142857,14.73061165,5.307541847,0.737080651,6.58,17.68,0.37,0.174,5.497691887
Mb1185#11,1,Gareth,38,Sin_N_Japan,3,M3,M3.05,Mb1185,1,35.6165,135.974,20,Japan,3.3301,0.1968,12.89136667,1.89295,1.6333,NA,NA,NA,37.23930483,NA,NA,NA,1.2122,24.97306364,3.2401457,0.241124296,4.738940202,0.648238474,NA,12.76647595,NA,6.592338253,129.5626251,17.72283989,42.09,78.79,5.96,4.84,92.97,18.17,36.13,36.7,0.984468665,NA,NA,NA,40.43,23.14,1.75,2.734,129.5626251
Mb1185#11,2,Gareth,38,Sin_N_Japan,3,M3,M3.05,Mb1185,1,35.6165,135.974,20,Japan,1.2729,0.358633333,12.73073333,9.919133333,0.5497,NA,3.637894283,1.025149522,36.38833119,28.34883608,1.569239779,NA,1.088366667,24.1340043,2.4821731,0.210856593,4.442136771,0.483903118,5.795155934,12.20466171,1.703704651,7.559208847,159.2506032,17.34792678,44.51,78.86,6.17,5.08,93.13,18.72,38.34,34.35,1.116157205,7.792649779,1.530742341,0.779063924,27.62,39.15,0.71,3.585,159.2506032
Mb1185#11,3,Gareth,38,Sin_N_Japan,3,M3,M3.05,Mb1185,1,35.6165,135.974,20,Japan,1.366933333,0.3817,13.8681,10.80163333,0.341266667,NA,3.92065772,1.095152894,39.73501253,30.94961821,0.97135474,NA,1.3636,31.64237146,4.5761072,0.256184735,5.721852237,0.860584716,6.501672839,14.40208923,2.781066144,9.86311231,220.2913111,33.13251155,39,73.28,4.65,6.48,93.16,17.72,34.35,34.28,1.002042007,7.89398627,0.88695811,0.778900427,35.48,35.55,1,3.85,220.2913111
Mb13,1,Peredur,14,Sin_N_Japan,3,M3,M3.02,Mb13,1,37.0161,140.121,1260,Japan,0.656633333,0.170433333,4.635433333,5.191066667,0.429133333,NA,1.862020089,0.483293114,13.15370783,14.72522507,1.217886303,NA,0.522366667,12.3996834,1.85070573,0.109801208,2.361042867,0.395737822,5.922864288,17.88271482,2.750753233,1.136442499,24.43679368,4.095886461,55.18,88.6,7.79,2.62,92.46,19.22,47.39,33.42,1.418013166,7.908198821,2.519974459,1.119473327,8.7,19.76,0.44,1.035,24.43679368
Mb13,2,Peredur,14,Sin_N_Japan,3,M3,M3.02,Mb13,1,37.0161,140.121,1260,Japan,0.814,NA,13.2679,9.66925,1.093866667,0.5622,2.351892792,NA,38.32705301,27.93143775,3.164942395,1.62885136,1.591233333,12.5858453,2.348424,0.318736545,2.297912644,0.474957527,17.75798356,6.16423913,1.702682444,0.991270656,7.146508324,1.47711791,54.12,87.33,7.4,3.64,93.05,18.19,46.72,33.21,1.406805179,11.87615262,NA,0.728765599,7.33,12.05,0.61,0.311,7.146508324
Mb13,3,Peredur,14,Sin_N_Japan,3,M3,M3.02,Mb13,1,37.0161,140.121,1260,Japan,0.448866667,0.099666667,15.1518,10.71433333,0.440833333,NA,1.305044288,0.289811059,44.05496011,31.15118251,1.275412481,NA,0.3004,7.617874507,3.0287862,0.059692168,1.269146274,0.60085511,4.583504777,2.882077787,1.931557913,0.969400808,20.61093548,9.757886981,60.68,91.3,10.95,2.18,94.96,20.96,49.73,30.62,1.624101894,23.86982787,4.400841312,0.707098189,8.62,33.84,0.25,1.624,20.61093548
Mb255,1,Bors,18,Sin_Taiwan,4,M4,M4.02,Mb255,1,NA,NA,NA,NA,1.021166667,0.2606,13.474,11.14243333,0.435933333,NA,2.836472329,0.723656432,37.39047538,30.92822236,1.213694292,NA,0.2454,9.21540158,2.0317496,0.046751996,1.516768571,0.386794278,1.565006888,4.021725116,1.249344687,0,0,0,57.28,90.75,8.89,2.05,94,20.17,48.39,33.47,1.445772333,10.90376312,1.677169217,0.827168471,13.59,30.92,0.44,0,0
Mb255,2,Bors,18,Sin_Taiwan,4,M4,M4.02,Mb255,1,NA,NA,NA,NA,0.8154,0.196633333,11.51123333,9.7177,0.5464,NA,2.355609083,0.568226443,33.24841731,28.06989845,1.566410318,NA,0.2712,8.700656253,1.2514491,0.049747322,1.388180289,0.233208513,2.111017631,4.176554379,0.831137644,0.158693957,4.428295122,0.743935156,54.14,88.44,8.1,2.03,93.29,20.02,46.04,34.3,1.342274052,11.91619554,2.756665654,0.844247658,9.36,8.74,1.07,0.319,4.428295122
Mb255,3,Bors,18,Sin_Taiwan,4,M4,M4.02,Mb255,1,NA,NA,NA,NA,0.716033333,0.1473,14.50556667,11.5618,0.536466667,NA,2.04162957,0.420117438,41.36165826,32.9670924,1.533382999,NA,0.227633333,7.960345633,2.0733317,0.044836715,1.332106931,0.408924965,2.194740435,3.221280173,1.240786493,0.11478199,3.410193743,1.04684791,59.3,94.83,9.22,1.6,94.57,20.23,50.08,35.53,1.409513088,16.14744069,3.649891337,0.797044746,13.68,34.6,0.4,0.256,3.410193743
Mb102,1,Uther,17,Sin_Taiwan,4,M4,M4.01,Mb102,2,NA,NA,NA,NA,0.943866667,0.2883,13.3715,10.32813333,0.477133333,NA,2.656260036,0.812798657,37.59378706,29.04506357,1.345347027,NA,0.3887,9.41937731,1.96405125,0.074548411,1.577268604,0.376493207,3.046373189,4.550690981,1.416147977,0.346650109,7.334299006,1.750693413,57.99,89.59,9.09,2.14,92.55,19.57,48.9,31.6,1.547468354,10.93457086,1.655203309,0.772602758,12.48,20.82,0.6,0.465,7.334299006
Mb102,2,Uther,17,Sin_Taiwan,4,M4,M4.01,Mb102,2,NA,NA,NA,NA,0.7137,0.148033333,13.84306667,10.77203333,0.4372,NA,1.941379923,0.402594024,37.66033151,29.31263133,1.207195165,NA,2.346166667,9.04019914,1.8862276,0.614098817,1.855265431,0.446114205,1.735547833,5.029257237,1.54333907,15.34632943,46.36308313,11.14839398,58.39,91.57,8.72,1.43,93.22,19.2,49.67,33.18,1.496986136,15.09886395,2.998542187,0.778342361,NA,NA,NA,2.499,46.36308313
Mb102,3,Uther,17,Sin_Taiwan,4,M4,M4.01,Mb102,2,NA,NA,NA,NA,0.8641,0.2348,14.093,11.0747,0.2337,NA,2.415953061,0.656481633,39.40287755,30.96395714,0.653406122,NA,0.3296,14.5785968,3.1571712,0.065834148,2.654846507,0.627031446,3.162305934,7.039856319,2.119368655,0.273211714,11.017613,2.602180499,51.54,85.61,6.36,2.88,92.44,17.97,45.18,34.07,1.326093337,12.81645643,0.995315161,0.785829845,12.66,15.89,0.8,0.415,11.017613
Mb1328#12,1,Yspaddaden,42,Sin_Taiwan,4,M4,M4.03,Mb1328,1,24.1205,121.269,2997,Taiwan,8.278266667,0.110166667,17.83946667,12.99913333,19.5063,NA,2.373190925,0.315655409,51.12822017,37.25937263,55.9051694,NA,0.3353,12.41277506,1.99947,0.066682854,2.217579988,0.396750295,2.812154271,4.33342103,1.062471754,0.034675084,1.153141594,0.206310154,55.39,90.57,8.12,1.48,94.33,18.94,47.27,35.18,1.343661171,15.70011592,177.1082258,0.728743784,4.3,8.96,0.48,0.052,1.153141594
Mb1328#12,2,Yspaddaden,42,Sin_Taiwan,4,M4,M4.03,Mb1328,1,24.1205,121.269,2997,Taiwan,1.083233333,0.272166667,14.04663333,10.9758,0.4365,NA,3.075292938,0.772608455,39.88031847,31.16327936,1.240336455,NA,6.4227,16.16492164,2.2654269,1.270695952,3.053232571,0.460342661,4.929375106,7.665344557,1.475947105,0.52098534,1.251825354,0.188740491,51.75,88.83,7.16,2.06,92.74,18.51,44.59,37.08,1.202535059,10.13343444,1.605388147,0.781420023,6.11,7.79,0.79,0.041,1.251825354
Mb1328#12,3,Yspaddaden,42,Sin_Taiwan,4,M4,M4.03,Mb1328,1,24.1205,121.269,2997,Taiwan,0.858366667,0.230233333,14.61786667,11.35276667,0.565433333,NA,2.43628637,0.653281726,41.49776753,32.22544954,1.599525334,NA,0.519833333,14.15124018,2.5962068,0.102358929,2.556450967,0.512938906,4.238043129,6.154698607,1.586082991,0.07165125,1.789515677,0.359057234,52.92,87.86,7.38,2.46,93.15,18.46,45.54,34.94,1.303377218,13.22728311,2.448446466,0.776558631,5.6,5.33,1.05,0.07,1.789515677
Mb1564#1,1,Eufydd,43,Flor_Taiwan,5,M5,M5.06,Mb1564,4,25.14324,121.52061,NA,Taiwan,7.2808,0.1973,16.47753333,11.80103333,19.3191,NA,20.82867245,0.563811917,47.06632304,33.71609203,55.19591147,NA,0.8611,24.98942017,3.8178008,0.174918768,4.829561393,0.775449226,0.897138354,10.38484793,2.299237735,5.849283591,161.500533,25.93102212,40.68,74.68,5.37,4.78,93.59,17.81,35.31,34,1.038529412,1.618734565,97.8977383,0.716352794,10.92,5.61,1.95,3.344,161.500533
Mb1564#1,2,Eufydd,43,Flor_Taiwan,5,M5,M5.06,Mb1564,4,25.14324,121.52061,NA,Taiwan,1.143333333,0.3822,14.2069,9.179733333,0.689433333,NA,3.247661606,1.086738387,40.34808781,26.0706549,1.976220349,NA,1.1157,28.21185911,3.2556667,0.217129085,5.258546061,0.633932472,6.690497911,13.0529322,2.425960974,3.124487528,75.67047782,9.122288277,38.17,74.32,4.32,5.18,94.12,17.62,33.85,36.15,0.93637621,8.027515812,1.818487663,0.646143506,10.61,6.97,1.52,1.439,75.67047782
Mb1564#1,3,Eufydd,43,Flor_Taiwan,5,M5,M5.06,Mb1564,4,25.14324,121.52061,NA,Taiwan,0.988,0.320133333,13.6791,10.09686667,0.765633333,NA,2.813861874,0.912084802,38.9218835,28.74404068,2.187596541,NA,0.9945,19.70179195,3.0919658,0.194627529,3.61624632,0.604949382,6.986521727,9.300705697,2.109162283,1.706883429,31.71448023,5.305406083,39.58,77.08,4.83,5.27,92.09,18.22,34.75,37.5,0.926666667,10.21515695,2.398457399,0.738505902,9.26,2.71,3.41,0.877,31.71448023
Mb1123#27,1,Gawain,8,Flor_Taiwan,5,M5,M5.03,Mb1123,4,24.6254,121.485,1213,Taiwan,0.42,0.11955,5.66095,4.6984,0.32645,NA,1.280757174,0.345156141,16.26757455,13.47079734,0.934343287,NA,0.516766667,18.26231601,1.957472,0.100098012,3.313090412,0.379821728,8.170182173,20.52348473,2.790988435,0.72971451,24.1524291,2.768900397,53.77,84.81,8.18,3.97,92.45,19.61,45.59,31.04,1.46875,10.51783868,2.707016263,0.82807657,60.24,18.1,3.33,0.729,24.1524291
Mb1123#27,2,Gawain,8,Flor_Taiwan,5,M5,M5.03,Mb1123,4,24.6254,121.485,1213,Taiwan,0.8875,0.288,13.2653,9.2901,0.618166667,NA,2.513284566,0.815805556,37.5823273,26.30200388,1.75201,NA,0.399533333,13.0591034,1.8182916,0.076905061,2.298283894,0.353011081,3.056512156,6.313724723,1.357802782,0.09997658,2.987769062,0.458914405,53.32,84.57,8.26,5.02,93.52,19.75,45.06,31.25,1.44192,10.46519134,2.147582824,0.699850323,41.97,4.72,8.88,0.13,2.987769062
Mb1123#27,3,Gawain,8,Flor_Taiwan,5,M5,M5.03,Mb1123,4,24.6254,121.485,1213,Taiwan,1.016566667,0.328833333,15.20513333,9.528633333,0.817633333,NA,2.867583433,0.92797632,42.87359628,26.87220714,2.333947599,NA,0.4124,20.70482155,2.847908,0.084126455,4.007424936,0.58527504,2.94866005,9.342526138,2.175823565,0.238919133,11.38108682,1.662181113,47.02,81.19,6.26,4.95,92.96,18.64,40.76,34.17,1.192859233,9.371028871,2.515093919,0.626777539,42.32,3.88,10.91,0.284,11.38108682
Mb1102#46,1,Geraint,9,Flor_Taiwan,5,M5,M5.04,Mb1102,4,24.0611,121.116,2309,Taiwan,NA,NA,NA,NA,NA,NA,NA,NA,NA,NA,NA,NA,1.155866667,27.95879011,4.31849,0.231196773,5.405980894,0.867936474,NA,NA,NA,7.104676824,166.1257929,26.67168784,36.31,69.41,4.43,6.59,92.68,17.97,31.88,33.1,0.963141994,NA,NA,NA,21.36,14.49,1.47,3.073,166.1257929
Mb1102#46,2,Geraint,9,Flor_Taiwan,5,M5,M5.04,Mb1102,4,24.0611,121.116,2309,Taiwan,1.2039,0.430266667,13.79503333,9.109,0.7645,NA,3.38859241,1.210919509,38.83088846,25.64451508,2.153547533,NA,1.3112,25.92824416,3.7421131,0.263997092,4.951378387,0.747670687,7.947303067,12.79392397,2.895199293,7.193920757,134.9250611,20.37402621,34.39,69.16,4.35,7.16,92.6,17.85,30.04,34.77,0.863963187,7.567896041,1.77843987,0.660415357,45.1,13.64,3.31,2.725,134.9250611
Mb1102#46,3,Geraint,9,Flor_Taiwan,5,M5,M5.04,Mb1102,4,24.0611,121.116,2309,Taiwan,1.078966667,0.345333333,14.00816667,9.515266667,0.3137,NA,2.997031881,0.959473849,38.90359021,26.42827904,0.875314571,NA,0.905766667,16.10972335,2.914686,0.231179939,3.283553171,0.642212134,7.624191974,8.02569518,2.41677737,9.526925286,135.3152262,26.46556204,35.35,70.37,5.2,5.52,92.89,18.11,30.15,35.02,0.860936608,8.818150788,0.912286012,0.679327509,44.41,10.27,4.32,4.121,135.3152262
Mb1030#216,3,Lancelot,3,Flor_Taiwan,5,M5,M5.02,Mb1030,4,24.06064,121.15519,1932,Taiwan,0.996633333,0.331733333,13.5047,8.907033333,0.7,NA,2.82970128,0.941029167,38.32974097,25.2862548,1.965617843,NA,0.734966667,23.2227121,2.4590742,0.146413268,4.373503148,0.486272461,5.160771273,11.41570967,1.933602455,0.175695922,5.248203778,0.583526953,48.98,85.94,6.58,3.22,92.82,18.88,42.4,36.96,1.147186147,8.936015605,2.088795876,0.659703253,28.14,33,0.85,0.12,5.248203778
Mb1030#216,1,Lancelot,3,Flor_Taiwan,5,M5,M5.02,Mb1030,4,24.06064,121.15519,1932,Taiwan,0.715733333,0.2293,8.589366667,6.395666667,0.249666667,NA,1.98689806,0.636369286,23.85854646,17.77029611,0.694278438,NA,0.746066667,26.07362422,4.8114187,0.146610733,4.911412704,0.949908433,7.665376461,24.07174126,6.064123462,0.130483552,4.371157307,0.845418506,47.46,82.24,6.64,5.14,93.26,19.85,40.82,34.78,1.173663025,8.943738216,1.090999289,0.744818891,12.08,13.04,0.93,0.089,4.371157307
Mb1030#216,2,Lancelot,3,Flor_Taiwan,5,M5,M5.02,Mb1030,4,24.06064,121.15519,1932,Taiwan,1.439133333,0.1798,9.221933333,6.739666667,5.2368,NA,4.177176812,0.520998141,26.71654229,19.52353366,15.13044066,NA,1.1887,27.2756637,3.98445804,0.235055136,5.155373836,0.787601559,5.759247776,19.32662212,4.032049795,0.124579222,2.732348133,0.417428826,43.67,79.4,5.87,6.04,93.67,19.48,37.8,35.73,1.057934509,4.673858575,29.04125653,0.730765735,15.67,2.64,5.94,0.053,2.732348133
Mb1181#25,1,Llyr,1,Flor_Taiwan,5,M5,M5.01,Mb1181,4,23.2899,120.498,2282,Taiwan,0.7446,0.215,7.11075,5.16525,0.1704,NA,2.122953879,0.612933458,20.25456259,14.71506499,0.485049821,NA,0.9448,27.64842248,3.7830155,0.18183587,5.175558727,0.739406225,9.018916578,25.71047467,4.622506983,0.743708708,21.16803519,3.02417146,45.98,79.27,6.27,5.79,93.06,18.89,39.71,33.29,1.192850706,6.931410585,0.791358041,0.726506185,34.65,14.84,2.33,0.409,21.16803519
Mb1181#25,2,Llyr,1,Flor_Taiwan,5,M5,M5.01,Mb1181,4,23.2899,120.498,2282,Taiwan,NA,NA,11.47913333,7.289666667,5.94915,NA,NA,NA,31.56113038,20.05244827,16.24418602,NA,1.19965,29.84273689,4.3323676,0.219734251,5.374907834,0.815665091,NA,17.03790785,4.075341595,2.515957174,61.5426947,9.339365288,45.96,80.53,6.44,5.54,93.28,18.81,39.52,34.57,1.143187735,NA,NA,0.635352664,29.64,9.53,3.11,1.145,61.5426947
Mb1181#25,3,Llyr,1,Flor_Taiwan,5,M5,M5.01,Mb1181,4,23.2899,120.498,2282,Taiwan,1.069166667,0.318033333,14.35983333,9.081433333,0.828766667,NA,3.025391799,0.899892386,40.63768551,25.69950951,2.345013787,NA,1.257733333,27.68276103,4.552218,0.254616499,5.360183148,0.921625113,8.41785906,13.19604414,3.58691548,5.410600611,113.9038919,19.58453365,40.97,76.23,5.93,5.19,92.79,18.64,35.04,35.26,0.993760635,8.4946054,2.605882463,0.632405837,26.88,7.55,3.56,2.125,113.9038919
Mb1116#31,1,Percival,10,Flor_Taiwan,5,M5,M5.05,Mb1116,4,23.4875,120.89,2623,Taiwan,1.0583,0.442866667,11.0625,8.0617,0.591133333,NA,2.960765982,1.237694106,30.94300093,22.55150531,1.655606258,NA,1.239066667,28.88257829,4.5316755,0.242244686,5.420886844,0.884838969,9.970760934,21.67693393,4.967238379,2.083304302,46.61962686,7.609615136,41.98,74.75,6.21,4.82,92.67,18.24,35.77,32.77,1.091547147,7.61678074,1.337653827,0.728807958,9.97,6.6,1.51,0.86,46.61962686
Mb1116#31,2,Percival,10,Flor_Taiwan,5,M5,M5.05,Mb1116,4,23.4875,120.89,2623,Taiwan,0.9295,0.281966667,13.31513333,9.0161,0.413866667,NA,2.613247007,0.792761423,37.39592014,25.32870279,1.147859211,NA,1.268,18.65844295,3.6080964,0.245469746,3.392829001,0.702072578,9.374596952,9.084268737,2.769761075,2.044762987,28.26226558,5.848264572,40.95,75.13,6.21,4.67,93,18.68,34.74,34.18,1.01638385,9.692425827,1.447925161,0.677311928,8.38,2.78,3.02,0.833,28.26226558
Mb1116#31,3,Percival,10,Flor_Taiwan,5,M5,M5.05,Mb1116,4,23.4875,120.89,2623,Taiwan,1.0514,0.325966667,13.95086667,9.2206,0.549833333,NA,2.98668283,0.926109362,39.63542162,26.19096111,1.564493805,NA,1.653833333,35.8192695,4.9462688,0.311828796,6.52029418,0.932024231,10.44118462,17.1692416,3.591820004,3.773128436,78.89555958,11.2774932,38.56,74.71,5.41,5.06,93.49,18.61,33.15,36.15,0.917012448,8.769247558,1.689318637,0.660796834,4.81,1.75,2.75,1.21,78.89555958
Mb427#1,1,Aranrhod,33,Sacc_rob,6,M6,M6.08,Mb427,3,37.4114,118.657,-1,China,1.311633333,0.8878,15.16133333,11.33506667,2.133,NA,3.663390259,2.478912667,42.34884324,31.65285507,5.961073054,NA,6.95025,8.73729633,2.3600812,1.362265981,1.518484024,0.475409696,2.871308441,3.569110555,1.51115908,10.65291997,11.87454507,3.717703825,65.6,91.86,11.91,1.29,93.76,21.98,53.69,26.26,2.044554455,8.640317529,2.404712813,0.747431397,2.96,28.58,0.1,0.782,11.87454507
Mb427#1,2,Aranrhod,33,Sacc_rob,6,M6,M6.08,Mb427,3,37.4114,118.657,-1,China,0.522933333,0.103933333,15.32983333,9.9075,0.572766667,NA,1.488565799,0.295911888,43.63466952,28.202384,1.628497572,NA,0.497933333,12.7252692,3.67508655,0.099899562,2.307335245,0.736389725,6.832542574,5.317098745,2.627846818,0.812183436,18.75863554,5.986848462,61.11,91.62,8.84,2.27,93.59,18.82,52.27,30.51,1.713208784,18.946011,5.503319192,0.646329726,2.85,35.69,0.08,0.813,18.75863554
Mb427#1,3,Aranrhod,33,Sacc_rob,6,M6,M6.08,Mb427,3,37.4114,118.657,-1,China,0.526266667,0.134,17.56923333,11.57036667,0.8249,NA,1.502928158,0.382686739,50.1739337,33.04305675,2.355553589,NA,0.4979,13.7885337,4.3439688,0.09952802,2.50002625,0.862940313,6.606610858,4.963588597,2.604448977,0.514559865,12.92513571,4.46140142,58.97,91.26,8.29,2.75,93.29,18.56,50.68,32.29,1.569526169,21.98578593,6.155304983,0.658570184,0,0,NA,0.517,12.92513571
Mb357,1,Beli,6,Sacc_rob,6,M6,M6.04,Mb357,3,34.3013,117.945,18,China,0.489766667,0.240533333,10.44143333,7.9876,0.460966667,NA,1.361332363,0.670899291,29.06367621,22.23045545,1.283601695,NA,0.320966667,9.11387582,3.199554,0.060066307,1.483188191,0.600311878,6.274823999,8.004071697,3.896788139,0.126739908,3.129527083,1.266658063,61.48,86.98,11.3,2.98,92.76,22.15,50.18,25.5,1.967843137,16.32992505,1.913255406,0.764887941,2.15,74.51,0.03,0.211,3.129527083
Mb357,2,Beli,6,Sacc_rob,6,M6,M6.04,Mb357,3,34.3013,117.945,18,China,0.655766667,0.236233333,13.56673333,10.4027,0.645633333,NA,1.875163227,0.676529827,38.72430424,29.7031436,1.84769675,NA,0.3966,6.539700043,2.696089,0.075699921,1.016693896,0.514227005,4.18742853,2.642910807,1.745465008,0.087054909,1.16919798,0.591361056,58.91,88.27,10.58,2.83,93,21.64,48.33,29.36,1.646117166,15.84029762,2.731138637,0.767041376,0,0,NA,0.115,1.16919798
Mb357,3,Beli,6,Sacc_rob,6,M6,M6.04,Mb357,3,34.3013,117.945,18,China,NA,NA,NA,NA,NA,NA,NA,NA,NA,NA,NA,NA,0.4284,1.227450653,0.0161601,NA,NA,NA,NA,NA,NA,NA,NA,NA,54.87,85.91,10.09,3.52,92.26,21.31,44.78,31.04,1.442654639,NA,NA,NA,NA,NA,NA,0.026,NA
Mb426#1,1,Culhwch,32,Sacc_rob,6,M6,M6.07,Mb426,3,37.4114,118.657,-1,China,1.722066667,1.146266667,16.5561,13.08556667,5.428766667,NA,4.897838163,3.26538712,47.02899521,37.14165199,15.56286904,NA,0.3273,12.75707487,3.0431203,0.06505746,2.29231586,0.604240369,1.33871199,4.882776775,1.631215519,0.763774584,26.9117882,7.093781932,61.71,93.64,9.66,0.46,92.92,20.67,52.05,31.93,1.630128406,7.583274651,4.76601042,0.789760696,0,0,NA,1.174,26.9117882
Mb426#1,2,Culhwch,32,Sacc_rob,6,M6,M6.07,Mb426,3,37.4114,118.657,-1,China,0.623066667,0.171766667,16.2882,11.01303333,1.160133333,NA,1.729175245,0.477002509,45.20440489,30.56498282,3.225867273,NA,0.469766667,16.61061159,4.5496616,0.092562555,3.034370642,0.896348488,5.36950728,6.736475856,2.936424507,1.326421408,43.4825313,12.84467384,58.55,90.68,7.85,2.38,93.09,18.69,50.7,32.13,1.577964519,17.67604695,6.7627889,0.676150541,3.02,34.31,0.09,1.433,43.4825313
Mb426#1,3,Culhwch,32,Sacc_rob,6,M6,M6.07,Mb426,3,37.4114,118.657,-1,China,0.531533333,0.138033333,16.96433333,11.15056667,0.513633333,NA,1.52095625,0.395093408,48.54528463,31.90858974,1.461234808,NA,0.457266667,13.11519137,3.3725307,0.09267235,2.414450594,0.684309574,6.090616308,4.97590089,2.143054227,0.818296851,21.31959875,6.042453541,61.81,92.49,8.98,1.46,93.26,19.39,52.83,30.68,1.721968709,20.97929492,3.698454033,0.657295348,2.55,35.58,0.07,0.883,21.31959875
Mb87,1,Gaheris,41,Sacc_rob,6,M6,M6.11,Mb87,3,35.7333,127.583,350,"Korea, South",0.6289,0.136433333,17.60126667,10.56423333,25.54416667,NA,1.78088228,0.386298573,49.82794752,29.87272144,72.41903998,NA,0.3249,15.6924378,2.4804234,0.065601572,2.918211638,0.499946213,3.669614814,5.869074003,1.702923767,0.834451996,37.11965204,6.359315834,64.63,93.67,11.47,1.08,92.47,21.72,53.16,29.04,1.830578512,16.77411347,187.4690849,0.599517398,0,0,NA,1.272,37.11965204
Mb87,2,Gaheris,41,Sacc_rob,6,M6,M6.11,Mb87,3,35.7333,127.583,350,"Korea, South",0.505933333,0.1255,15.17003333,9.944666667,0.493133333,NA,1.4566743,0.361616054,43.65664575,28.62833386,1.429595969,NA,0.257266667,13.49139148,1.9973701,0.051895365,2.475356907,0.400813097,3.592430573,5.671402606,1.38951981,0.608213682,29.01118295,4.697529497,64.31,93.89,11.57,1.14,93.08,21.76,52.74,29.58,1.78296146,19.65321546,3.953353161,0.655761188,3.35,25.78,0.13,1.172,29.01118295
Mb87,3,Gaheris,41,Sacc_rob,6,M6,M6.11,Mb87,3,35.7333,127.583,350,"Korea, South",0.417566667,0.104733333,16.2661,10.48196667,0.4853,NA,1.185026032,0.297819686,46.04610362,29.67946528,1.374877073,NA,0.205933333,9.21410896,2.122725,0.043294915,1.652698038,0.438138155,3.679481107,3.586868124,1.475702046,0.381428204,14.56026971,3.859997143,66.52,95.05,12.54,0.93,93.05,22.46,53.98,28.53,1.892043463,25.04541207,4.61647479,0.644559755,1.89,15,0.13,0.881,14.56026971
Mb429#1,1,Gwenhwyfar,34,Sacc_rob,6,M6,M6.09,Mb429,3,37.4114,118.657,-1,China,1.069766667,0.5413,14.42386667,11.6914,2.8035,0.4499,3.083339333,1.567536869,41.47241046,33.6336,8.111280866,1.257883673,0.381633333,11.0354307,3.18115377,0.077343694,1.988114844,0.643878998,2.729354094,4.7811879,1.919423492,0.785811928,20.19924681,6.541810616,61,92.63,8.99,1.77,93.84,19.29,52.01,31.63,1.644325008,10.90817337,5.17453913,0.810987344,2.83,25.27,0.11,1.016,20.19924681
Mb429#1,2,Gwenhwyfar,34,Sacc_rob,6,M6,M6.09,Mb429,3,37.4114,118.657,-1,China,0.507733333,0.1231,15.49243333,9.998166667,0.888933333,NA,1.457747035,0.357014819,44.50126906,28.70464052,2.551322657,NA,0.353866667,10.03427194,3.3486101,0.071269132,1.768127921,0.671113054,4.884389395,3.984557353,2.336971853,1.281418993,31.79094001,12.06661272,62.35,91.28,9.48,2.3,92.5,19.66,52.87,28.93,1.827514691,19.69109855,7.146265424,0.645029707,0.74,22.96,0.03,1.798,31.79094001
Mb429#1,3,Gwenhwyfar,34,Sacc_rob,6,M6,M6.09,Mb429,3,37.4114,118.657,-1,China,0.5589,0.143066667,16.49533333,11.55383333,0.917,NA,1.613746504,0.413108832,47.6378931,33.36492127,2.648378748,NA,0.5342,13.84188848,4.9696416,0.106670178,2.522862539,0.992343295,6.62616112,5.299006076,2.974208857,0.310410219,7.341529988,2.887718987,56.65,90.38,7.9,2.8,94.21,18.54,48.75,33.73,1.445300919,20.67544139,6.410849976,0.700386165,8.91,46.18,0.19,0.291,7.341529988
Mb340,1,Lunete,5,Sacc_rob,6,M6,M6.03,Mb340,3,34.3057,117.951,12,China,0.668833333,0.291266667,8.631133333,6.899133333,0.4536,NA,1.905635933,0.828435387,24.59312671,19.66390666,1.292610931,NA,0.6008,14.82856293,4.9279175,0.115528613,2.595736564,0.940506757,6.019259104,12.42230393,4.982380952,1.866942381,41.94710287,15.19858919,62.39,88.71,11.28,1.6,92.45,22.31,51.11,26.32,1.941869301,10.31881605,1.560303859,0.7995692,3.45,156.56,0.02,1.616,41.94710287
Mb340,2,Lunete,5,Sacc_rob,6,M6,M6.03,Mb340,3,34.3057,117.951,12,China,0.57,0.131366667,14.61453333,10.3994,0.332133333,NA,1.619328102,0.373104541,41.52864911,29.55120516,0.948414386,NA,0.535766667,8.99763235,2.8157928,0.103067536,1.487659076,0.537178651,6.34824105,3.591928275,1.819533201,1.823264706,26.31668905,9.502690336,63.35,89.25,12.88,1.02,94.31,23.35,50.47,25.9,1.948648649,18.24905349,2.541953481,0.711585996,6.18,80.44,0.08,1.769,26.31668905
Mb340,3,Lunete,5,Sacc_rob,6,M6,M6.03,Mb340,3,34.3057,117.951,12,China,0.5855,0.1601,15.242,10.2294,0.694333333,NA,1.637860024,0.453446383,42.65341313,28.63121483,1.953119152,NA,0.4797,9.46304688,3.2090496,0.093470398,1.609180312,0.624946342,5.712575116,3.774144882,2.182381511,1.456268796,25.07102927,9.736664003,61.15,89.96,11.85,1.6,93.56,22.55,49.3,28.81,1.711211385,17.48086797,4.307276952,0.671252609,NA,64.79,NA,1.558,25.07102927
Mb337,1,Modred,4,Sacc_rob,6,M6,M6.02,Mb337,3,34.3045,117.951,12,China,0.43475,0.17985,6.9155,5.62965,0.2619,0.2135,1.235543203,0.510656503,19.67181654,16.00824732,0.744531712,0.599258049,0.515466667,11.7023913,3.8174706,0.101819524,2.073835103,0.754271865,8.099179616,12.48866484,5.378737308,1.092523496,22.25225066,8.093337115,59.11,87.25,10.51,2.04,93.43,20.98,48.6,28.14,1.727078891,12.95644481,1.45798929,0.813765586,2.18,59.94,0.04,1.073,22.25225066
Mb337,2,Modred,4,Sacc_rob,6,M6,M6.02,Mb337,3,34.3045,117.951,12,China,0.2557,1.65645,10.6469,7.2622,5.2077,NA,0.743831041,4.852230013,30.97182133,21.12573246,15.14919403,NA,0.3875,9.6629511,3.3332931,0.079331119,1.700997684,0.670576455,NA,6.366235699,3.58263881,0.503752606,10.80133529,4.258160491,61.48,87.89,10.17,2.36,92.43,20.74,51.31,26.41,1.942824688,28.40125149,3.122109626,0.682095258,2.68,62.55,0.04,0.635,10.80133529
Mb337,3,Modred,4,Sacc_rob,6,M6,M6.02,Mb337,3,34.3045,117.951,12,China,0.5005,0.107166667,15.4226,10.10706667,0.552666667,NA,1.414091478,0.302873995,43.55737861,28.54838273,1.552933191,NA,0.327733333,9.345570733,3.1720359,0.063179074,1.574881121,0.614691137,4.456074168,3.614095641,2.153852613,0.377810865,9.417789106,3.675852999,64.13,91.78,12.66,1.25,93.73,22.89,51.47,27.65,1.861482821,20.18849782,5.127324294,0.655420129,2.13,52.55,0.04,0.598,9.417789106
Mb1029#24,1,Nudd,2,Sacc_rob,6,M6,M6.01,Mb1029,3,24.18619,121.33481,2340,Taiwan,0.652833333,0.251966667,9.153733333,7.840833333,0.566666667,NA,1.848752005,0.712287261,25.91321527,22.19331481,1.599268276,NA,0.761833333,16.91223513,4.6601008,0.154236851,3.101295821,0.921711627,8.137845216,12.41185499,4.206909359,1.721283257,34.61046136,10.28630176,55.24,87.96,8.3,2.56,93.83,19.43,46.94,32.72,1.434596577,12.00448451,2.245257446,0.856447746,21.76,71.29,0.31,1.116,34.61046136
Mb1029#24,2,Nudd,2,Sacc_rob,6,M6,M6.01,Mb1029,3,24.18619,121.33481,2340,Taiwan,1.2667,0.0981,10.11873333,7.29,5.9409,NA,3.637047427,0.282208567,29.09686307,20.91793978,17.06604969,NA,0.6322,11.85878661,3.4363494,0.123165215,2.062486151,0.664899738,3.278948846,7.092569399,3.21820545,0.929897371,15.57177044,5.019993024,53.99,86.76,8.68,2.39,93.96,19.19,45.31,32.77,1.382667074,5.751351942,60.47318079,0.718907043,7.71,60.72,0.13,0.755,15.57177044
Mb1029#24,3,Nudd,2,Sacc_rob,6,M6,M6.01,Mb1029,3,24.18619,121.33481,2340,Taiwan,0.9473,0.285333333,14.1803,11.041,0.879,NA,2.690579006,0.810324263,40.30362712,31.37980938,2.493968638,NA,0.509633333,19.83609833,3.2186902,0.10043573,3.679962382,0.63571416,3.730216622,9.141947565,2.026341834,0,0,0,45.2,80.72,6.49,5.44,93.35,19.46,38.71,35.52,1.089808559,11.66284629,3.077741532,0.778585245,NA,NA,NA,0,0
Mb348,1,Pryderi,7,Sacc_rob,6,M6,M6.05,Mb348,3,34.3048,117.951,24,China,0.2326,0.1202,4.201833333,3.5356,0.38255,NA,0.648674065,0.335386093,11.71799938,9.859819441,1.067157897,NA,0.43975,8.4679731,3.2120694,0.085062239,1.398742139,0.619141226,20.21029097,15.19056045,7.963125482,0.22456431,3.692679247,1.634532838,60.3,89.06,10.25,2.1,93.5,21.07,50.05,28.76,1.740264256,15.19995938,3.181878797,0.841425155,4.6,38.66,0.12,0.264,3.692679247
Mb348,2,Pryderi,7,Sacc_rob,6,M6,M6.05,Mb348,3,34.3048,117.951,24,China,1.169266667,0.4293,13.56466667,10.5846,1.4819,NA,3.316964587,1.222242698,38.42068381,29.97785673,4.242846813,NA,1.00975,29.61053431,4.8652212,0.203280165,5.313063361,0.907937612,6.855604053,13.87212821,3.039147262,0.056918446,1.487657741,0.254222531,44.99,78.7,5.95,4.6,93.38,18.2,39.04,33.71,1.158113319,9.037737951,3.471361964,0.780253076,2.38,17.53,0.14,0.028,1.487657741
Mb348,3,Pryderi,7,Sacc_rob,6,M6,M6.05,Mb348,3,34.3048,117.951,24,China,0.640133333,0.151733333,14.6414,10.93373333,0.478333333,NA,1.829266772,0.433526382,41.84133765,31.24656358,1.367926714,NA,5.691033333,16.50109398,5.5644611,1.113755031,2.850344705,1.036216802,5.529184085,6.804911986,3.315386739,0.389814261,0.997620647,0.362675881,55.97,88.3,9.08,1.86,92.65,20.04,46.89,32.33,1.450355707,17.08146895,3.155348257,0.746786918,0.86,7.33,0.12,0.035,0.997620647
Mb494#1,1,Pwyll,12,Sacc_rob,6,M6,M6.06,Mb494,3,33.9408,133.635,222,Japan,0.539,0.1796,9.818333333,6.8699,0.4779,NA,1.51583871,0.511912584,28.07616827,19.64298156,1.36507271,NA,1.134966667,23.33446477,4.1598106,0.21503275,4.241424866,0.793090535,22.47444545,15.90219514,4.355864736,1.79982412,35.50072613,6.638167775,59.09,89.04,9.32,1.88,93.02,19.91,49.77,29.95,1.661769616,12.95849053,2.666612921,0.699631851,2.46,11.58,0.21,0.837,35.50072613
Mb494#1,2,Pwyll,12,Sacc_rob,6,M6,M6.06,Mb494,3,33.9408,133.635,222,Japan,0.5437,0.153833333,15.5674,10.60523333,0.616233333,NA,1.53457185,0.434202739,43.89741451,29.93490523,1.747627232,NA,0.6675,12.69477398,3.6813892,0.132640835,2.304638564,0.739114174,8.626504802,5.388713456,2.48739603,1.929924154,33.53249111,10.75411123,62.67,92.39,10.38,1.5,94.28,20.46,52.29,29.72,1.759421265,19.50700791,4.024910661,0.681928664,4.91,21.59,0.23,1.455,33.53249111
Mb494#1,3,Pwyll,12,Sacc_rob,6,M6,M6.06,Mb494,3,33.9408,133.635,222,Japan,0.473333333,0.117933333,16.9593,11.01876667,0.7596,NA,1.351463965,0.336759208,48.42261599,31.46697073,2.164578975,NA,0.555633333,9.27312673,3.020836,0.112918952,1.617248165,0.606406423,8.284093612,3.346507141,1.927421438,1.225170633,17.54714259,6.57950969,65.03,94.1,10.69,1.17,93.74,20.64,54.34,29.07,1.869281046,23.28361802,6.427675691,0.649840371,5.81,17.28,0.34,1.085,17.54714259
Mb358#2,1,Rhiannon,36,Sacc_rob,6,M6,M6.10,Mb358,3,34.2988,117.952,27,China,1.077,0.452466667,14.25423333,12.0333,1.476566667,NA,3.042958831,1.278599586,40.25669407,33.98602627,4.171631837,NA,0.60795,18.6591909,4.16500245,0.125175133,3.631111904,0.866034407,3.662089619,9.279055868,2.573146066,0.719757012,20.87889345,4.97969784,57.77,90.39,7.99,2.63,93.01,18.44,49.78,32.62,1.526057633,11.16874337,3.262656958,0.844232917,3.1,13.51,0.23,0.575,20.87889345
Mb358#2,2,Rhiannon,36,Sacc_rob,6,M6,M6.10,Mb358,3,34.2988,117.952,27,China,0.6134,0.135666667,15.18726667,10.37166667,0.380666667,NA,1.735461617,0.383593463,42.97322188,29.34716984,1.080646411,NA,2.9366,21.11932373,4.143194,0.585553595,4.087948055,0.847558431,7.427297217,9.521108275,2.870134162,2.699402073,18.84544054,3.907244365,58.47,92.68,7.44,2.06,92.51,17.88,51.03,34.21,1.491669103,16.91029611,2.817165868,0.682917607,4.02,27.49,0.15,0.461,18.84544054
Mb358#2,3,Rhiannon,36,Sacc_rob,6,M6,M6.10,Mb358,3,34.2988,117.952,27,China,0.807766667,0.226066667,16.19923333,11.5016,0.360633333,NA,2.28895567,0.640790528,45.85527536,32.56915022,1.015732838,NA,0.588,14.2717722,3.5445608,0.115773801,2.583565615,0.701770405,5.275546929,5.632741095,2.14691334,0.318377953,7.10480544,1.929868615,53.43,87.32,7.09,3.25,93.15,17.55,46.34,33.89,1.367365004,14.22882525,1.585124613,0.710259615,5.56,15.21,0.37,0.275,7.10480544
Mb1062#15,1,Blodeuwedd,23,Lut,8,M8,M8.03,Mb1062,3,28.5408,112.224,30,China,1.140466667,0.5462,15.49716667,11.04463333,0.786666667,NA,3.200206369,1.530205593,43.52121089,31.01895511,2.207016763,NA,0.4412,8.13862924,2.4959532,0.08638593,1.365131069,0.492747494,3.005704087,3.172342458,1.595848973,1.170529347,18.49752599,6.676728544,62.59,87.25,12.69,2.65,94.2,22.9,49.9,24.66,2.02351987,9.692798381,1.442300807,0.712731895,5.15,198.01,0.03,1.355,18.49752599
Mb1062#15,2,Blodeuwedd,23,Lut,8,M8,M8.03,Mb1062,3,28.5408,112.224,30,China,0.5835,NA,16.00825,10.57273333,0.933033333,NA,1.622694692,NA,44.51553888,29.83813887,2.634098034,NA,6.7326,13.16001225,4.4844708,1.305358599,2.181783049,0.81847052,11.17495235,4.441018369,2.748048886,15.61208884,26.09412526,9.788907423,59.78,87.5,9.5,3.65,93.06,20.34,50.28,27.72,1.813852814,18.38801779,NA,0.670285919,5.74,189.6,0.03,1.196,26.09412526
Mb1062#15,3,Blodeuwedd,23,Lut,8,M8,M8.03,Mb1062,3,28.5408,112.224,30,China,0.4841,0.1143,15.74,10.46323333,0.4461,NA,1.35400945,0.319675296,44.01289243,29.2624481,1.238362456,NA,0.400233333,7.76000358,2.4738648,0.078275184,1.278808777,0.483004762,5.796533827,2.905286854,1.650599464,1.824594531,29.80903258,11.258841,64.63,90.42,12.55,1.56,93.51,22.91,52.08,25.79,2.019387359,21.61170153,3.873813435,0.664860828,3.18,225.8,0.01,2.331,29.80903258
Mb1074#21,1,Bran,24,Lut,8,M8,M8.04,Mb1074,3,28.5435,112.075,23,China,1.0568,0.523266667,15.1844,10.7847,1.105433333,NA,3.026341537,1.494734446,43.5405461,30.92395193,3.154487187,NA,0.4144,15.315195,3.8010016,0.079145601,2.682563539,0.722576769,2.950084574,6.152611772,2.337366286,0.293630181,9.952310731,2.680759813,57.41,85.39,9.9,3.28,93.26,20.58,47.51,27.98,1.69799857,10.2182624,2.11039974,0.710233442,0.28,38.54,0.01,0.371,9.952310731
Mb1074#21,2,Bran,24,Lut,8,M8,M8.04,Mb1074,3,28.5435,112.075,23,China,NA,NA,14.48676667,10.7847,0.788866667,NA,NA,NA,41.10410475,30.60121633,2.229127851,NA,0.517566667,12.2872491,3.22648713,0.101461969,2.173128656,0.635330352,NA,5.347158613,2.084682284,0.053774844,1.151758188,0.336725086,57.34,88.27,9.75,2.97,93.32,20.95,47.59,30.93,1.538635629,NA,NA,0.744480789,NA,NA,NA,0.053,1.151758188
Mb1074#21,3,Bran,24,Lut,8,M8,M8.04,Mb1074,3,28.5435,112.075,23,China,0.577066667,0.1984,15.57966667,10.354,0.798933333,NA,1.659093869,0.570338738,44.79375529,29.77024639,2.296265337,NA,0.5295,11.76747012,3.4641956,0.107831485,2.138169593,0.701988807,6.512404967,4.759472865,2.352097182,0.215662969,4.276339187,1.403977615,54.34,83.68,9.99,2.71,93.46,20.29,44.35,29.34,1.511588275,17.94367814,4.026143037,0.664607069,NA,NA,NA,0.2,4.276339187
Mb1060#1,1,Eigyr,22,Lut,8,M8,M8.02,Mb1060,3,28.5124,112.248,19,China,1.128033333,0.654433333,14.4606,11.0671,2.374466667,NA,3.167308726,1.831593628,40.84102585,31.35804071,6.576951278,NA,0.211566667,12.11637679,3.907092,0.040843857,2.094871451,0.749926002,1.677885321,5.185425009,2.3911246,0.048195751,2.471948312,0.884912682,60.71,89.75,8.9,3.19,92.49,19.84,51.81,29.04,1.784090909,9.900531784,3.590835421,0.767807372,NA,NA,NA,0.118,2.471948312
Mb1060#1,2,Eigyr,22,Lut,8,M8,M8.02,Mb1060,3,28.5124,112.248,19,China,0.4185,NA,10.03966667,7.6123,0.7543,NA,1.131858749,NA,27.15851722,20.59053429,2.040983435,NA,0.323666667,11.65204418,3.0944309,0.064646493,2.083276691,0.617773958,5.738853747,7.683746514,3.005239579,0.009050509,0.291658737,0.086488354,54.97,86.51,7.21,2.83,93.53,18.61,47.76,31.54,1.514267597,18.19178789,NA,0.75816121,NA,NA,NA,0.014,0.291658737
Mb1060#1,3,Eigyr,22,Lut,8,M8,M8.02,Mb1060,3,28.5124,112.248,19,China,0.562933333,0.163133333,14.9685,10.80483333,0.660933333,NA,1.628609646,0.471979426,43.30090702,31.25480997,1.906142798,NA,0.4182,17.99799673,3.8612352,0.082845269,3.32490302,0.764479098,5.110346186,7.697064118,2.450786545,0.03396656,1.363210238,0.31343643,56.82,90.32,8.46,2.09,93.3,19.67,48.36,33.5,1.44358209,19.19109963,4.03861417,0.721804972,15.32,8.43,1.82,0.041,1.363210238
Mb424#8,1,Goronwy,28,Lut,8,M8,M8.08,Mb424,3,29.4283,113.066,22,China,1.344266667,0.80125,14.6289,12.45513333,2.493366667,NA,3.823120925,2.286306357,41.61543536,35.42864672,7.098244966,NA,0.503733333,10.2385017,3.6862047,0.098684672,1.779667309,0.72587084,2.574962992,4.275813508,2.051037333,0.665134689,11.99495766,4.892369462,55.11,88.1,8.36,3.01,93.35,19.45,46.75,32.99,1.41709609,9.266943793,3.104677965,0.851334281,4.19,57.96,0.07,0.674,11.99495766
Mb424#8,2,Goronwy,28,Lut,8,M8,M8.08,Mb424,3,29.4283,113.066,22,China,0.499733333,0.107366667,13.74776667,10.07383333,0.568733333,NA,1.423594556,0.305953314,39.15431802,28.69204901,1.615207647,NA,0.471533333,7.523874,2.92407345,0.093266999,1.252202596,0.579677573,6.550584481,3.192443459,2.017789155,0.478459707,6.423799317,2.973745948,57.31,86.17,10.21,3.06,94.19,21.04,47.1,28.86,1.632016632,20.15464929,5.279261812,0.732793992,11.58,192.92,0.06,0.513,6.423799317
Mb424#8,3,Goronwy,28,Lut,8,M8,M8.08,Mb424,3,29.4283,113.066,22,China,0.568366667,0.1731,14.2958,11.58476667,0.426033333,NA,1.653957407,0.503822489,41.60083609,33.71126245,1.241499093,NA,0.598933333,11.56670578,4.6288187,0.117664115,2.028124033,0.906962338,7.111339895,4.879677804,2.691439067,0.067068546,1.156030699,0.516968533,52.14,85.15,8.14,3.66,93.65,19.65,44,33.01,1.332929415,20.38218294,2.46415974,0.810350599,NA,NA,NA,0.057,1.156030699
Mb415#1,1,Govannon,27,Lut,8,M8,M8.07,Mb415,3,28.8824,112.439,30,China,1.1449,0.578666667,14.72916667,10.62686667,1.2034,NA,3.254513336,1.644184487,41.86258142,30.20375377,3.426994494,NA,4.390833333,6.5647338,2.17384938,0.871787567,1.073246455,0.435732217,2.691956654,2.574939402,1.449216997,9.18864096,11.31201764,4.592617564,62.71,87.77,13.29,1.89,95.06,23.87,49.42,25.06,1.972067039,9.28057459,2.084312631,0.721497642,3.8,241.98,0.02,1.054,11.31201764
Mb415#1,2,Govannon,27,Lut,8,M8,M8.07,Mb415,3,28.8824,112.439,30,China,0.551433333,0.134566667,14.78893333,9.716833333,0.644633333,NA,1.559116091,0.380719928,41.80910548,27.4689452,1.823760122,NA,0.399333333,7.805822173,2.2829565,0.077745618,1.288229332,0.446041743,5.004263659,3.090923106,1.630151046,0.314869754,5.217328793,1.806469059,57.37,85.28,11.13,2.07,94.09,21.75,46.24,27.91,1.656753852,17.61828087,4.790293304,0.65700868,4.77,224.55,0.02,0.405,5.217328793
Mb415#1,3,Govannon,27,Lut,8,M8,M8.07,Mb415,3,28.8824,112.439,30,China,0.672566667,0.207733333,14.36426667,10.76736667,0.335766667,NA,1.925665957,0.594941613,41.11952676,30.81883881,0.961031294,NA,0.3818,10.40325893,3.0205692,0.075715003,1.809194274,0.594184734,3.883143514,4.399360629,1.928051906,0.069657803,1.664458732,0.546649955,57.63,90.25,9.43,1.78,95.4,20.1,48.2,32.62,1.477621091,16.0042497,1.615337157,0.749494005,NA,NA,NA,0.092,1.664458732
Mb1082#41,1,Gwalchmei,29,Lut,8,M8,M8.09,Mb1082,3,28.5942,112.015,22,China,NA,0.2886,14.22346667,10.97713333,1.382133333,NA,NA,0.831966132,41.11232917,31.7259946,3.960039588,NA,0.380033333,10.68131988,2.8206222,0.076185902,1.890631949,0.562709422,NA,4.60615798,1.774701229,0.505874391,12.55379614,3.73639056,59.09,87.34,10.02,2.86,93.08,20.45,49.07,28.25,1.73699115,NA,4.759856724,0.771690518,1.6,92.58,0.02,0.664,12.55379614
Mb1082#41,2,Gwalchmei,29,Lut,8,M8,M8.09,Mb1082,3,28.5942,112.015,22,China,0.607966667,0.182133333,14.38163333,10.52006667,0.360166667,NA,1.74252923,0.522203191,41.16786112,30.11442037,1.031468058,NA,0.5171,15.03540696,5.999323,0.099458347,2.672294476,1.157727962,6.446380382,6.491075208,3.848691666,0.232732531,6.253169073,2.709083432,60.25,89.47,9.24,3.01,93.06,20.11,51.01,29.22,1.745722108,17.28201734,1.975223582,0.731503157,0,0,NA,0.234,6.253169073
Mb1082#41,3,Gwalchmei,29,Lut,8,M8,M8.09,Mb1082,3,28.5942,112.015,22,China,0.5904,0.1693,15.67493333,11.9941,0.273866667,NA,1.688465587,0.484185757,44.82877324,34.30209144,0.783122736,NA,0.67085,16.34118607,5.551953,0.133703392,3.012505635,1.105564581,7.898724907,6.721731133,3.221998947,0.18451068,4.157257777,1.525679122,57.72,89.49,8.15,2.6,94.51,19.19,49.57,31.77,1.560276991,20.31554075,1.617401429,0.765180239,NA,NA,NA,0.138,4.157257777
Mb1077#44,1,Gwydion,25,Lut,8,M8,M8.05,Mb1077,3,28.5522,112.092,31,China,1.001966667,0.439633333,15.06083333,10.68303333,0.925633333,NA,2.853345701,1.241059508,42.9829335,30.48786384,2.607076284,NA,0.326366667,7.9837121,2.09077,0.065630089,1.363843772,0.421071981,2.408543145,3.171491038,1.380211058,1.001515163,20.81225597,6.425558425,61.24,85.57,12.58,2.07,93.53,23.18,48.66,24.33,2,10.68495269,2.100685959,0.709301608,7.21,69.65,0.1,1.526,20.81225597
Mb1077#44,2,Gwydion,25,Lut,8,M8,M8.05,Mb1077,3,28.5522,112.092,31,China,0.516833333,0.084166667,14.61583333,10.50546667,0.4822,NA,1.440866169,0.235177359,40.73032637,29.27443167,1.34363151,NA,0.463266667,13.51614558,3.4174124,0.090716913,2.40347164,0.667778666,6.090826477,5.942563187,2.290472661,0.22951379,6.08078325,1.689480026,60.13,89.85,10.52,2.97,93.33,21.08,49.61,29.72,1.669246299,20.31724548,5.713268987,0.71873796,1.78,49.3,0.04,0.253,6.08078325
Mb1077#44,3,Gwydion,25,Lut,8,M8,M8.05,Mb1077,3,28.5522,112.092,31,China,0.621633333,0.2228,14.9549,11.03316667,0.857833333,NA,1.767168056,0.633356822,42.52281898,31.37073448,2.439283099,NA,0.489033333,15.02646675,3.2158599,0.097700313,2.745885414,0.639122755,5.528694992,6.461760274,2.0387449,0.060574194,1.702448957,0.396256108,52.81,85.3,8.86,1.65,94.17,19.86,43.95,32.49,1.352723915,17.75198141,3.851356791,0.737738824,NA,NA,NA,0.062,1.702448957
Mb779#14,1,Kay,30,Lut,8,M8,M8.10,Mb779,3,31.1692,118.221,2,China,NA,NA,14.14835,11.5252,1.22235,NA,NA,NA,40.74436581,33.19029595,3.517315094,NA,4.751133333,17.11563205,6.3423371,0.912490951,3.107611481,1.237338015,NA,7.753162902,3.748247347,1.998355183,6.805669143,2.709770252,56.82,88.53,8.79,3.52,94.58,18.99,48.03,31.71,1.514664144,NA,NA,0.814598419,1.76,46.99,0.04,0.219,6.805669143
Mb779#14,2,Kay,30,Lut,8,M8,M8.10,Mb779,3,31.1692,118.221,2,China,0.630866667,0.182433333,13.34316667,10.67886667,0.654966667,NA,1.774066065,0.513333023,37.48704847,30.03301457,1.843762448,NA,0.6939,15.69423973,5.9012668,0.141575223,2.958456679,1.204777016,7.989094532,7.919706011,4.014013465,0.099102656,2.070919676,0.843343911,52.29,86.25,7.07,3.81,93.77,18.24,45.22,33.96,1.331566549,16.92891553,3.591747199,0.801157088,2.07,19.93,0.1,0.07,2.070919676
Mb779#14,3,Kay,30,Lut,8,M8,M8.10,Mb779,3,31.1692,118.221,2,China,0.622066667,0.1772,15.8147,11.42026667,0.751933333,NA,1.747074356,0.497633508,44.41334696,32.07164769,2.110785702,NA,0.615966667,12.92033535,4.8426433,0.121261638,2.306642875,0.953834029,7.004411545,5.204891803,2.9797413,0.263137754,5.005415039,2.069819842,50.71,82.24,7.78,3.26,93.16,18.43,42.93,31.53,1.361560419,18.35734557,4.241647049,0.722117334,3.01,50.45,0.06,0.217,5.005415039
Mb1069#920,1,Lleu,21,Lut,8,M8,M8.01,Mb1069,3,28.5335,112.077,33,China,1.044666667,0.4422,15.30376667,11.52443333,0.828433333,NA,2.957496327,1.242856033,43.48131933,32.74748653,2.333186938,NA,0.272433333,7.12087992,2.5411529,0.053290919,1.158038893,0.497988738,1.974106473,2.667530487,1.520789571,0.544100283,11.8235771,5.084465015,60.03,90.44,10.89,1.67,93.75,21.52,49.14,30.41,1.615915817,11.07270573,1.877278523,0.753139211,3.67,47.27,0.08,1.021,11.8235771
Mb1069#920,2,Lleu,21,Lut,8,M8,M8.01,Mb1069,3,28.5335,112.077,33,China,0.524466667,0.133566667,12.5382,9.065833333,0.397833333,NA,1.489850595,0.379295664,35.61369668,25.75165377,1.125166703,NA,0.229333333,7.95452567,2.1835248,0.04503346,1.32301554,0.428297932,3.006820355,3.754296259,1.678423696,0.785833871,23.08662117,7.473798913,62.59,90.15,12.07,3.05,93.56,22.59,50.52,27.56,1.833091437,17.28472228,2.966463396,0.723082863,NA,NA,NA,1.745,23.08662117
Mb1069#920,3,Lleu,21,Lut,8,M8,M8.01,Mb1069,3,28.5335,112.077,33,China,0.596633333,0.1553,15.6455,10.36456667,0.6008,NA,1.691259082,0.440275829,44.35304448,29.37958516,1.70404822,NA,0.242333333,7.04749171,2.0857896,0.048601778,1.171571004,0.418698438,3.062349784,2.637098244,1.424840126,0.584193368,14.08228347,5.032755221,62.53,89.16,11.9,2.48,94.32,22.43,50.63,26.63,1.901239204,17.37142787,3.870410561,0.662402897,0.2,73.49,0,1.202,14.08228347
Mb627#232,1,Mabon,31,Lut,8,M8,M8.11,Mb627,3,28.88572,112.10192,26,China,1.1387,0.545133333,12.98686667,10.40826667,1.009433333,NA,3.189481739,1.524543519,36.43292692,29.14465123,2.820695101,NA,0.521766667,10.05885753,3.1837223,0.101736994,1.722102637,0.619523623,3.474246087,4.817341746,2.265072228,0.932928238,15.79168118,5.681031623,62.32,90.17,10.9,2.28,94.22,21.23,51.42,27.85,1.846319569,9.13773886,1.850189953,0.799953605,6.16,125.4,0.05,0.917,15.79168118
Mb627#232,2,Mabon,31,Lut,8,M8,M8.11,Mb627,3,28.88572,112.10192,26,China,0.570966667,0.159166667,14.8325,10.22733333,0.8677,NA,1.640582995,0.457347263,42.61301145,29.38421136,2.49264138,NA,0.5371,11.00326915,3.8137836,0.106534309,1.942475658,0.756471536,6.498108639,4.562765721,2.580869073,0.327060329,5.96340027,2.322367617,61.81,92.01,10.78,1.26,93.04,21.09,51.03,30.2,1.689735099,17.91083502,5.450216016,0.689559605,4.08,112.81,0.04,0.307,5.96340027
Mb627#232,3,Mabon,31,Lut,8,M8,M8.11,Mb627,3,28.88572,112.10192,26,China,0.5337,0.1671,16.68536667,11.1027,0.855666667,NA,1.506231477,0.46956488,47.14126208,31.37100693,2.39324097,NA,0.452,7.496165693,2.5238972,0.090073753,1.254115248,0.50300168,6.082112833,2.659357895,1.602392078,1.189874273,16.56686242,6.644652188,63.88,92.5,11.6,2.19,94.48,21.83,52.28,28.62,1.826694619,20.82748064,5.096720539,0.665468117,4.94,174.59,0.03,1.321,16.56686242
Mb383#1,1,Math,26,Lut,8,M8,M8.06,Mb383,3,28.8305,112.396,33,China,1.234266667,0.628166667,14.97813333,11.66053333,1.234333333,NA,3.466255817,1.760237403,42.11143979,32.78174011,3.462535175,NA,0.520633333,13.16619122,4.1122433,0.10919739,2.486883212,0.855826836,3.407549591,5.944727897,2.632582232,1.572442421,35.81111825,12.32390643,57.91,87.33,9.02,3.11,92.92,19.87,48.89,29.42,1.661794697,9.45739202,1.967084195,0.778452132,3.88,193.88,0.02,1.44,35.81111825
Mb383#1,2,Math,26,Lut,8,M8,M8.06,Mb383,3,28.8305,112.396,33,China,0.522533333,0.114933333,14.52743333,10.28786667,0.468166667,NA,1.48714118,0.327067104,41.34688558,29.28104565,1.335959963,NA,0.6285,10.60827427,3.4807212,0.124865248,1.869038718,0.692332515,8.414986149,4.524668569,2.367109047,0.671775032,10.0554283,3.724748929,61.46,88.99,11.8,2.73,93.72,22.44,49.66,27.53,1.803850345,19.68948613,4.08466626,0.708180199,0.68,203.9,0,0.538,10.0554283
Mb383#1,3,Math,26,Lut,8,M8,M8.06,Mb383,3,28.8305,112.396,33,China,0.5208,0.1087,14.5503,11.27056667,0.316266667,NA,1.468506177,0.306522455,41.02703025,31.77911515,0.891152737,NA,0.587,14.11944147,4.0830273,0.117489007,2.620781983,0.829114364,7.981862566,6.390538338,2.609161549,0.344242791,7.678891209,2.429305087,60.09,90.84,10.45,2.62,94.33,21.35,49.64,30.75,1.614308943,21.64043682,2.907300016,0.774589702,0.25,107.41,0,0.293,7.678891209
Mb1094#900,1,Owain,35,Lut,8,M8,M8.12,Mb1094,3,29.0319,111.345,40,China,1.535433333,1.020633333,14.36276667,12.6063,3.5262,NA,4.363383894,2.904812979,40.76480564,35.83493934,10.0409817,NA,0.617866667,16.89883937,4.1413168,0.124930386,3.175182691,0.838342277,2.871964254,7.872268954,2.334574318,0,0,0,63.23,94.45,10.28,0.87,93.15,20.9,52.95,31.22,1.696028187,8.212648764,3.456670626,0.879065625,2.86,26.56,0.11,0,0
Mb1094#900,2,Owain,35,Lut,8,M8,M8.12,Mb1094,3,29.0319,111.345,40,China,0.5623,0.1491,14.06383333,10.7908,0.294466667,NA,1.591382398,0.421971171,39.79915628,30.53856188,0.833230622,NA,0.3916,13.70514385,3.9884405,0.077152992,2.460559898,0.78538008,4.850793175,6.18240101,2.570590601,0,0,0,57.04,87.97,8.87,3.56,94.6,20.02,48.17,30.93,1.55738765,19.18995831,1.974615045,0.767316816,4.02,24.44,0.16,0,0
Mb1094#900,3,Owain,35,Lut,8,M8,M8.12,Mb1094,3,29.0319,111.345,40,China,0.6488,0.224933333,15.44413333,11.4671,0.9419,NA,1.828219176,0.633789035,43.51927918,32.31234153,2.654051289,NA,0.427,16.06424265,4.2714705,0.087913016,3.041706136,0.874915134,4.808199123,6.987442346,2.707092568,0.16967212,5.870492842,1.688586209,53.98,87.87,8.37,3.47,94.78,19.29,45.61,33.89,1.345824727,17.6742165,4.187594205,0.742483381,4.94,32.79,0.15,0.193,5.870492842
Mb311,1,Cilydd,44,Hyb,7,M7,M7.03,Mb311,5,NA,NA,NA,NA,0.655466667,0.1463,15.518,11.48793333,19.51383333,NA,1.918383383,0.428213885,45.42904616,33.62575778,57.11769132,NA,0.4604,11.5368561,2.15677764,0.090458524,2.045177982,0.427170864,4.74986146,4.512894433,1.268556075,1.791983354,40.51497582,8.462254809,66.41,93.89,12.24,1.29,93.53,21.67,54.17,27.48,1.97125182,17.52817402,133.3858928,0.740181902,13.57,51.08,0.27,1.981,40.51497582
Mb311,2,Cilydd,44,Hyb,7,M7,M7.03,Mb311,5,NA,NA,NA,NA,0.552066667,0.1576,16.64953333,9.347533333,0.694266667,NA,1.546774427,0.44129911,46.68059969,26.2062661,1.942638561,NA,0.3113,7.99400791,1.8294084,0.061744112,1.350549982,0.364137333,3.998064028,2.946093691,1.402704268,3.695385103,80.83041642,21.79361936,65.22,92.23,12.51,1.75,93.94,21.91,52.71,27.01,1.951499445,16.94252611,4.402090368,0.561395232,14.72,93.73,0.16,5.985,80.83041642
Mb311,3,Cilydd,44,Hyb,7,M7,M7.03,Mb311,5,NA,NA,NA,NA,0.5945,0.176066667,15.70966667,10.5451,0.7343,NA,1.686578214,0.499206247,44.58208241,29.92922727,2.081080387,NA,0.3802,9.9221129,2.4527745,0.074525475,1.712216298,0.481900699,4.440802784,3.83891858,1.609212484,0.592477524,13.61211957,3.831110557,60.36,92.12,10.19,2.39,93.63,20.5,50.17,31.76,1.57965995,17.74553177,4.168778735,0.671328607,23.28,93.43,0.25,0.795,13.61211957
Mb1086#54,1,Lamorak,20,Hyb,7,M7,M7.01,Mb1086,5,29.0442,111.415,36,China,1.0008,0.3942,15.16433333,10.6578,0.538,NA,2.823686423,1.10795516,42.84688432,30.11512077,1.513289395,NA,0.5516,8.2840728,1.30871385,0.111758639,1.03472647,0.182473536,3.566833636,2.402135333,0.601700589,5.05149046,46.76963644,8.247803827,62.28,90.86,11.82,0.72,92.93,22.59,50.46,28.58,1.765570329,10.66517887,1.365839927,0.702854391,7.7,65.53,0.12,4.52,46.76963644
Mb1086#54,2,Lamorak,20,Hyb,7,M7,M7.01,Mb1086,5,29.0442,111.415,36,China,0.502433333,0.127833333,14.3151,9.3258,0.3873,NA,1.392262936,0.354015815,39.64647572,25.84012459,1.081142857,NA,0.2853,5.003451,1.1433762,0.056075502,0.74847681,0.225660065,3.945557241,1.87997716,0.872348697,3.129573767,41.77249077,12.59408821,65.02,90.48,13.44,0.93,93.15,23.42,51.58,25.46,2.025923016,18.55980212,3.053939432,0.65176347,17.16,59.88,0.29,5.581,41.77249077
Mb1086#54,3,Lamorak,20,Hyb,7,M7,M7.01,Mb1086,5,29.0442,111.415,36,China,0.5237,0.137666667,15.98646667,9.841933333,0.7038,NA,1.501224439,0.394209884,45.84878379,28.22910631,2.017729837,NA,0.261133333,7.65514806,1.5250088,0.037453895,1.026573456,0.24639932,2.525834685,2.249864356,0.876549437,1.779434536,48.77250491,11.70643169,64.3,90.51,13.21,1.24,93.81,23.14,51.09,26.21,1.949256009,18.8040546,5.118415139,0.615700221,22.08,67.17,0.33,4.751,48.77250491
Mb52,1,Olwen,40,Hyb,7,M7,M7.02,Mb52,5,37.9667,128.467,510,"Korea, South",NA,NA,14.1246,10.13696667,2.5923,NA,NA,NA,40.32770735,28.9880475,7.413414449,NA,0.782266667,19.88181533,2.4646435,0.149642995,3.562200701,0.469193072,NA,8.691632352,1.633326409,5.879473274,139.9588655,18.43459579,58.8,89.29,9.51,1.75,92.34,20.12,49.29,30.49,1.616595605,NA,NA,0.718812187,7.7,8.05,0.96,3.929,139.9588655
Mb52,2,Olwen,40,Hyb,7,M7,M7.02,Mb52,5,37.9667,128.467,510,"Korea, South",0.8075,0.273566667,14.25446667,10.21006667,0.899033333,NA,2.347365169,0.795716153,41.42201104,29.67203842,2.617993458,NA,0.8029,22.49896119,2.1401633,0.15882127,4.214932349,0.423884223,6.788002776,10.18347719,1.427847609,3.344775946,88.76647527,8.927001736,53.13,86.18,8.47,2.18,93.5,19.51,44.66,33.05,1.35128593,12.640572,3.290109731,0.716335052,NA,NA,NA,2.106,88.76647527
Mb52,3,Olwen,40,Hyb,7,M7,M7.02,Mb52,5,37.9667,128.467,510,"Korea, South",0.744966667,0.235066667,16.3551,11.08773333,0.481933333,NA,2.105596712,0.664474552,46.25785414,31.36084389,1.366160779,NA,0.7044,14.52144629,2.2703571,0.154754581,2.943306042,0.491010039,7.682839027,6.371552052,1.562394119,4.419790824,84.06082055,14.02324672,61.15,91.99,10.43,1.21,94.01,20.66,50.72,30.84,1.64461738,14.89404106,2.056001656,0.67795717,18.73,55.4,0.34,2.856,84.06082055
Mx2765#5,1,Galahd,48,Hyb,7,M7,M7.04,Mx2765,5,NA,NA,NA,NA,NA,NA,10.73483333,7.674066667,5.293733333,NA,NA,NA,31.57301984,22.58883287,15.57001602,NA,0.4321,12.9476448,2.28969333,0.087426017,2.369441594,0.462413404,NA,7.588401605,2.054736084,1.727538089,46.8201659,9.137288863,56.84,86.5,9.55,2.55,93.16,20.73,47.29,29.66,1.594403237,NA,NA,0.715447334,8.4,26.4,0.32,1.976,46.8201659
Mx2765#5,2,Galahd,48,Hyb,7,M7,M7.04,Mx2765,5,NA,NA,NA,NA,0.599666667,0.115266667,16.13693333,10.71443333,0.8015,NA,1.669682219,0.321269225,44.91406652,29.82051788,2.230207273,NA,0.51775,11.98191773,1.8894535,0.102365076,2.148848362,0.378059064,6.323586578,4.789550735,1.269815294,0.688916958,14.46174947,2.544337498,60.14,89.25,10.4,2.33,92.54,21.04,49.74,29.11,1.708691171,17.85999608,6.941864019,0.663946068,5.22,17.63,0.3,0.673,14.46174947
Mx2765#5,3,Galahd,48,Hyb,7,M7,M7.04,Mx2765,5,NA,NA,NA,NA,0.513866667,0.1521,15.10116667,11.626,0.4099,NA,1.493881891,0.440701818,43.66632683,33.61309782,1.176446315,NA,4.750133333,21.14807464,3.1241947,0.926952179,3.976971074,0.623462904,5.569539979,9.118749892,1.850983143,0,0,0,52.89,85.48,7.84,3.21,93.91,19.11,45.05,32.59,1.382325867,22.50050558,2.669483689,0.76977159,19.59,45.9,0.43,0,0
Mx2765#11,1,Tristan,49,Hyb,7,M7,M7.05,Mx2765,5,NA,NA,NA,NA,NA,NA,13.11873333,9.7931,7.1705,NA,NA,NA,37.58240583,28.0549049,20.53149576,NA,0.607966667,16.79748987,3.1162552,0.122044746,3.127888093,0.624639975,NA,8.538263616,2.330492515,3.109700137,79.69858862,15.91582655,52.44,83.94,6.99,2.65,93.58,17.81,45.45,31.5,1.442857143,NA,NA,0.746490393,20.71,31.18,0.66,2.548,79.69858862
Mx2765#11,2,Tristan,49,Hyb,7,M7,M7.05,Mx2765,5,NA,NA,NA,NA,0.841266667,0.2326,15.53223333,11.44783333,0.625033333,NA,2.374032417,0.656282393,43.81725307,32.29674695,1.756152767,NA,1.0485,22.41382598,4.7799202,0.210904237,4.26547314,0.961540436,8.906045488,9.748130209,2.979497762,3.733004995,75.49887458,17.01926572,46.69,80.12,5.54,4.05,93.21,16.63,41.15,33.43,1.230930302,13.60417268,2.675910228,0.737078312,19.05,29.36,0.65,1.77,75.49887458
Mx2765#11,3,Tristan,49,Hyb,7,M7,M7.05,Mx2765,5,NA,NA,NA,NA,0.7094,0.1946,14.88446667,11.69973333,0.455133333,NA,2.049592649,0.562237031,43.00873879,33.80576407,1.314266621,NA,1.059166667,22.84265144,3.7444869,0.215504503,4.396888903,0.760320276,10.51813385,10.22262114,2.247585343,3.387730792,69.11909356,11.95223474,49.28,83.01,6.62,3.11,93.28,17.8,42.66,33.73,1.264749481,16.49389409,2.337566806,0.786020818,18.87,35.51,0.53,1.572,69.11909356
